SequenceID,Lineage,Type,Clade,LBI_value
TB-111-164-18-138_S168,Ural,MDR,Ural_A,0.026919012
TB-222-18-19_S24,Ural,Non-MDR,Ural_C,0.007929865
TB-333-39-19_S120,Ural,MDR,Ural_A,0.028518837
TB-111-249-18_S235,Ural,MDR,Ural_A,0.026571291
TB-111-52-18_S277,Ural,MDR,Ural_A,0.026932169
TB-333-334-19_S78,Ural,Non-MDR,Ural_A,0.008631244
TB-111-188-18-138_S147,Ural,Non-MDR,Ural_B,0.011770878
TB-111-238-18_S242,Ural,Non-MDR,Ural_C,0.007936131
TB-111-280-18-138_S144,Ural,MDR,Ural_A,0.025904904
TB-111-23367-18F_S224,Ural,Non-MDR,NA,0.004104099
TB-111-23689-18F-138_S62,Ural,MDR,Ural_A,0.029734556
TB-MoldovaSeq-DNA028-38_S28,Ural,MDR,Ural_A,0.025843225
TB-MoldovaSeq-DNA0298-371_S301,Ural,Non-MDR,NA,0.007655818
TB-333-164-19_S95,Ural,MDR,Ural_A,0.026407404
TB-333-90-19_S1,Ural,MDR,Ural_A,0.026141577
TB-111-566-18-138_S171,Ural,Non-MDR,NA,0.006190175
TB-MoldovaSeq-DNA033-78_S33,Ural,MDR,Ural_A,0.019422599
TB-MoldovaSeq-DNA105-73_S106,Ural,MDR,Ural_A,0.02411032
TB-222-318-18_S58,Ural,MDR,Ural_A,0.027488144
TB-MoldovaSeq-DNA010-142_S10,Ural,MDR,Ural_A,0.028320651
TB-MoldovaSeq-DNA023-182_S23,Ural,MDR,NA,0.004648385
TB-222-182-19_S200,Ural,Non-MDR,Ural_C,0.00854858
TB-222-239-19_S2,Ural,Non-MDR,NA,0.00536732
TB-111-795-18_S279,Ural,Non-MDR,Ural_B,0.006883779
TB-111-1096-18-138_S163,Ural,MDR,Ural_A,0.029638767
TB-MoldovaSeq-DNA081-244_S81,Ural,MDR,Ural_A,0.028300556
TB-333-293-19_S130,Ural,MDR,Ural_A,0.026729763
TB-111-1018-18-138_S165,Ural,Non-MDR,NA,0.002046807
TB-111-24233-18F_S232,Ural,MDR,Ural_A,0.03017354
TB-333-510-19_S119,Ural,MDR,Ural_A,0.027554802
TB-222-517-18_S216,Ural,Non-MDR,Ural_C,0.007927563
TB-111-903-19_S92,Ural,Non-MDR,Ural_B,0.01294121
TB-MoldovaSeq-DNA037-350_S37,Ural,MDR,Ural_A,0.027242643
TB-MoldovaSeq-DNA095-339_S95,Ural,MDR,Ural_A,0.028851798
TB-111-1249-19-138_S41,Ural,Non-MDR,Ural_B,0.011185826
TB-111-1266-19-138_S39,Ural,Non-MDR,Ural_B,0.012481831
TB-222-591-19-138_S1,Ural,MDR,Ural_A,0.029648367
TB-MoldovaSeq-DNA043-429_S43,Ural,MDR,Ural_A,0.025544011
TB-MoldovaSeq-DNA065-421_S65,Ural,MDR,Ural_A,0.02687881
TB-111-1233-19-138_S40,Ural,Non-MDR,Ural_B,0.012430202
TB-111-1299-19_S97,Ural,Non-MDR,Ural_A,0.026086589
TB-444-463-19_S68,Ural,MDR,Ural_A,0.02718291
TB-111-1328-19-138_S82,Ural,Non-MDR,Ural_B,0.01111764
TB-111-1672-18-138_S166,Ural,Non-MDR,Ural_B,0.012947468
TB-MoldovaSeq-DNA005-516_S5,Ural,MDR,Ural_A,0.02777488
TB-333-765-19_S199,Ural,MDR,Ural_A,0.031254971
TB-MoldovaSeq-DNA013-536_S13,Ural,Non-MDR,NA,0.004118434
TB-333-964-19_S41,Ural,Non-MDR,Ural_B,0.012942052
TB-111-1793-18_S286,Ural,Non-MDR,Ural_B,0.012465693
TB-MoldovaSeq-DNA0242-1981_S52,Ural,MDR,Ural_A,0.024830724
TB-MoldovaSeq-DNA092-547_S92,Ural,MDR,Ural_A,0.021173326
TB-333-959-19_S82,Ural,Non-MDR,Ural_B,0.006756147
TB-MoldovaSeq-DNA045-570_S45,Ural,MDR,Ural_A,0.028006604
TB-111-1844-19_S18,Ural,MDR,Ural_A,0.025807745
TB-222-608-18_S153,Ural,Non-MDR,Ural_B,0.007659998
TB-222-644-18_S138,Ural,Non-MDR,Ural_B,0.012940498
TB-MoldovaSeq-DNA0199-2025_S9,Ural,Non-MDR,Ural_B,0.011357793
TB-222-624-18_S61,Ural,Non-MDR,Ural_A,0.012813857
TB-MoldovaSeq-DNA0197-2109_S7,Ural,Non-MDR,Ural_B,0.011403501
TB-MoldovaSeq-DNA0213-2033_S23,Ural,MDR,Ural_A,0.02651259
TB-MoldovaSeq-DNA090-620_S90,Ural,MDR,Ural_A,0.02453857
TB-DNA0347_S204,Ural,Non-MDR,Ural_C,0.007640835
TB-MoldovaSeq-DNA068-653_S68,Ural,MDR,Ural_A,0.026900163
TB-111-2220-19_S83,Ural,MDR,Ural_A,0.029244003
TB-222-858-19_S213,Ural,MDR,Ural_A,0.028998046
TB-111-2577-18_S150,Ural,MDR,Ural_A,0.026312824
TB-DNA0345_S202,Ural,Non-MDR,Ural_B,0.005704453
TB-333-1163-19_S75,Ural,MDR,Ural_A,0.02804797
TB-333-1248-19_S93,Ural,MDR,Ural_A,0.027021321
TB-111-2565-18_S6,Ural,MDR,Ural_A,0.024884504
TB-DNA0368_S225,Ural,MDR,Ural_A,0.029112588
TB-MoldovaSeq-DNA0258-3079_S68,Ural,Non-MDR,NA,0.005176788
TB-MoldovaSeq-DNA077-757_S77,Ural,MDR,Ural_A,0.029214539
TB-222-965-19_S6,Ural,MDR,Ural_A,0.027952212
TB-DNA0356_S213,Ural,Non-MDR,Ural_B,0.011402596
TB-MoldovaSeq-DNA0210-2128_S20,Ural,MDR,Ural_A,0.023938655
TB-MoldovaSeq-DNA086-784_S86,Ural,MDR,Ural_A,0.02687881
TB-333-1272-19_S84,Ural,Non-MDR,Ural_A,0.010247105
TB-DNA0373_S230,Ural,MDR,Ural_A,0.028519964
TB-MoldovaSeq-DNA142-807_S143,Ural,MDR,Ural_A,0.026900163
TB-DNA0336_S193,Ural,Non-MDR,NA,0.00481953
TB-DNA0357_S214,Ural,Non-MDR,Ural_A,0.024133458
TB-MoldovaSeq-DNA091-824_S91,Ural,Non-MDR,NA,0.004593795
TB-111-2736-19_S108,Ural,Non-MDR,NA,0.004090499
TB-111-2754-19_S7,Ural,Non-MDR,Ural_C,0.009044811
TB-333-1363-19_S33,Ural,Non-MDR,Ural_B,0.006750694
TB-MoldovaSeq-DNA0211-2993_S21,Ural,MDR,Ural_A,0.026553121
TB-MoldovaSeq-DNA0266-3138_S76,Ural,Non-MDR,Ural_B,0.012897621
TB-333-1585-19_S123,Ural,MDR,Ural_A,0.0284557
TB-MoldovaSeq-DNA0253-3126_S63,Ural,Non-MDR,Ural_A,0.023686749
TB-MoldovaSeq-DNA093-887_S93,Ural,MDR,Ural_A,0.026904523
TB-111-2895-19_S119,Ural,Non-MDR,Ural_B,0.012680378
TB-MoldovaSeq-DNA0276-3306_S86,Ural,Non-MDR,Ural_B,0.011987401
TB-MoldovaSeq-DNA0293-3261_S296,Ural,Non-MDR,Ural_A,0.02709812
TB-MoldovaSeq-DNA0310-3312_S313,Ural,Non-MDR,Ural_B,0.012463675
TB-111-3412-18_S152,Ural,MDR,Ural_A,0.027845326
TB-MoldovaSeq-DNA0277-3449_S87,Ural,Non-MDR,Ural_B,0.006537957
TB-111-3235-19_S113,Ural,Non-MDR,Ural_B,0.011957173
TB-333-1556-19_S126,Ural,MDR,Ural_A,0.029647368
TB-222-1054-18-138_S135,Ural,MDR,Ural_A,0.027919446
TB-111-3644-19_S20,Ural,MDR,Ural_A,0.025047584
TB-333-1864-19_S91,Ural,Non-MDR,Ural_B,0.012192922
TB-MoldovaSeq-DNA082-1082_S82,Ural,MDR,Ural_A,0.026662769
TB-MoldovaSeq-DNA087-1084_S87,Ural,MDR,Ural_A,0.025383784
TB-333-1750-19_S182,Ural,MDR,Ural_A,0.024148699
TB-333-1861-19_S23,Ural,Non-MDR,NA,0.007708222
TB-MoldovaSeq-DNA0238-3731_S48,Ural,Non-MDR,NA,0.004645443
TB-333-1865-19_S52,Ural,Non-MDR,Ural_C,0.008078031
TB-333-1926-19_S38,Ural,Non-MDR,NA,0.007148896
TB-333-1931-19_S56,Ural,Non-MDR,NA,0.007148318
TB-DNA0365_S222,Ural,Non-MDR,Ural_B,0.00679493
TB-333-1786-19_S178,Ural,MDR,Ural_A,0.028049826
TB-111-7925-18_S19,Ural,MDR,Ural_A,0.026314206
TB-111-7932-18_S25,Ural,MDR,Ural_A,0.024579436
TB-111-7933-18_S24,Ural,MDR,Ural_A,0.024579436
TB-222-1414-18_S109,Ural,MDR,Ural_A,0.025542626
TB-MoldovaSeq-DNA0286-4470_S289,Ural,Non-MDR,Ural_B,0.012670498
TB-333-1933-19_S34,Ural,Non-MDR,NA,0.007016326
TB-333-1981-19_S52,Ural,MDR,Ural_A,0.028520547
TB-MoldovaSeq-DNA0215-4211_S25,Ural,Non-MDR,Ural_B,0.012708023
TB-111-3880-19_S265,Ural,Non-MDR,NA,0.005307976
TB-111-3920-19_S205,Ural,Non-MDR,NA,0.006593107
TB-333-1983-19_S47,Ural,Non-MDR,Ural_B,0.011311091
TB-111-4167-19_S189,Ural,Non-MDR,Ural_B,0.011999841
TB-333-2018-19_S31,Ural,Non-MDR,NA,0.00429784
TB-333-2259-19_S3,Ural,MDR,Ural_A,0.028402341
TB-DNA0362_S219,Ural,MDR,Ural_A,0.025789028
TB-333-2093-19_S34,Ural,Non-MDR,Ural_C,0.007936131
TB-111-4415-19_S64,Ural,Non-MDR,NA,0.004815454
TB-MoldovaSeq-DNA0219-4548_S29,Ural,MDR,Ural_A,0.026039685
TB-MoldovaSeq-DNA0294-4695_S297,Ural,MDR,Ural_A,0.024177274
TB-111-4466-19_S239,Ural,MDR,Ural_A,0.025519984
TB-222-1385-18_S79,Ural,Non-MDR,Ural_B,0.006586949
TB-DNA0375_S232,Ural,Non-MDR,Ural_B,0.009948326
TB-333-2152-19_S29,Ural,MDR,Ural_A,0.029636399
TB-333-2178-19_S37,Ural,MDR,Ural_A,0.026816506
TB-MoldovaSeq-DNA0299-4999_S302,Ural,MDR,Ural_A,0.027733835
TB-333-2359-19_S37,Ural,MDR,Ural_A,0.026934316
TB-MoldovaSeq-DNA0302-5166_S305,Ural,MDR,Ural_A,0.028661244
TB-MoldovaSeq-DNA116-1415_S117,Ural,MDR,Ural_A,0.027593644
TB-333-2240-19_S32,Ural,MDR,Ural_A,0.026975488
TB-MoldovaSeq-DNA164-1514_S165,Ural,MDR,Ural_A,0.026152489
TB-MoldovaSeq-DNA0233-4840_S235,Ural,MDR,Ural_A,0.026417567
TB-MoldovaSeq-DNA0306-5348_S309,Ural,MDR,Ural_A,0.025143472
TB-MoldovaSeq-DNA0330-5305_S333,Ural,Non-MDR,Ural_B,0.012018757
TB-DNA0334_S191,Ural,Non-MDR,Ural_B,0.01292702
TB-333-2411-19_S87,Ural,MDR,Ural_A,0.027433942
TB-333-2412-19_S1,Ural,MDR,Ural_A,0.02586628
TB-MoldovaSeq-DNA0312-4978_S315,Ural,MDR,Ural_A,0.030073619
TB-333-2417-19_S44,Ural,MDR,Ural_A,0.028499637
TB-111-5354-19-138_S61,Ural,Non-MDR,Ural_B,0.011185826
TB-111-5368-19_S132,Ural,Non-MDR,Ural_A,0.029866865
TB-333-2478-19_S79,Ural,MDR,Ural_A,0.026249658
TB-111-5395-19-138_S29,Ural,Non-MDR,Ural_B,0.012659155
TB-333-2530-19_S90,Ural,MDR,Ural_A,0.026459183
TB-333-2849-19_S30,Ural,MDR,Ural_A,0.028518232
TB-222-1810-18_S62,Ural,MDR,Ural_A,0.027729983
TB-MoldovaSeq-DNA0316-4135_S319,Ural,Non-MDR,Ural_C,0.008714631
TB-111-5555-19-138_S45,Ural,MDR,Ural_A,0.025504368
TB-222-1914-19_S208,Ural,Non-MDR,Ural_B,0.011523785
TB-MoldovaSeq-DNA112-1809_S113,Ural,Non-MDR,Ural_B,0.005704453
TB-444-1834-18_S13,Ural,Non-MDR,Ural_B,0.012695102
TB-333-3041-19-138_S117,Ural,MDR,Ural_A,0.029056153
TB-333-3079-19_S79,Ural,Non-MDR,Ural_B,0.011741413
TB-333-2986-19_S169,Ural,MDR,Ural_A,0.027334663
TB-111-6421-19_S149,Ural,Non-MDR,Ural_B,0.012253481
TB-111-6552-19-138_S32,Ural,MDR,Ural_A,0.02911493
TB-333-3228-19_S136,Ural,MDR,Ural_A,0.026459214
TB-111-6799-19-138_S43,Ural,Non-MDR,Ural_B,0.01172055
TB-333-3165-19_S86,Ural,MDR,Ural_A,0.029014393
TB-222-2117-18_S147,Ural,Non-MDR,NA,0.003939549
TB-MoldovaSeq-DNA134-1881_S135,Ural,MDR,Ural_A,0.028527715
TB-MoldovaSeq-DNA135-1833_S136,Ural,Non-MDR,Ural_B,0.012695102
TB-111-7016-18_S4,Ural,Non-MDR,NA,0.002147763
TB-111-7086-18_S6,Ural,MDR,Ural_A,0.024571566
TB-111-7114-18_S190,Ural,MDR,Ural_A,0.026571291
TB-111-6967-19_S108,Ural,MDR,Ural_A,0.031573687
TB-333-3345-19_S150,Ural,MDR,Ural_A,0.0260249
TB-111-7270-19_S127,Ural,Non-MDR,Ural_B,0.011752009
TB-333-3600-19_S164,Ural,MDR,Ural_A,0.029011199
TB-333-3416-19_S139,Ural,MDR,Ural_A,0.028599903
TB-111-7437-19-138_S33,Ural,Non-MDR,Ural_B,0.011944772
TB-111-7609-18_S176,Ural,Non-MDR,NA,0.008096581
TB-111-7624-18_S172,Ural,MDR,Ural_A,0.027980124
TB-111-7922-18_S21,Ural,MDR,Ural_A,0.028021788
TB-222-2538-18_S150,Ural,MDR,Ural_A,0.026733628
TB-333-3593-19_S148,Ural,MDR,Ural_A,0.026047273
TB-MoldovaSeq-DNA172-2312_S173,Ural,MDR,Ural_A,0.019609296
TB-333-3780-19_S179,Ural,MDR,Ural_A,0.026930019
TB-333-3828-19_S263,Ural,MDR,Ural_A,0.028706389
TB-111-8263-18_S51,Ural,Non-MDR,Ural_B,0.011795059
TB-222-2618-18_S51,Ural,Non-MDR,Ural_B,0.012463675
TB-222-2620-18-138_S4,Ural,Non-MDR,Ural_B,0.012244478
TB-MoldovaSeq-DNA170-2377_S171,Ural,Non-MDR,NA,0.004354225
TB-333-3697-19_S152,Ural,MDR,Ural_A,0.027484764
TB-333-3938-19_S50,Ural,Non-MDR,NA,0.002046807
TB-111-8323-18_S53,Ural,MDR,Ural_A,0.026279668
TB-111-8655-18_S194,Ural,MDR,Ural_A,0.027100746
TB-444-2409-18_S30,Ural,MDR,Ural_A,0.020769186
TB-111-8305-18_S78,Ural,MDR,Ural_A,0.021179994
TB-111-8366-18_S72,Ural,MDR,Ural_A,0.026880623
TB-222-2929-18_S176,Ural,MDR,Ural_A,0.025522154
TB-111-8385-18_S57,Ural,Non-MDR,Ural_B,0.006293293
TB-111-8840-18_S67,Ural,MDR,Ural_A,0.025456863
TB-MoldovaSeq-DNA0223-2292_S33,Ural,MDR,Ural_A,0.01948537
TB-111-7991-19-138_S74,Ural,MDR,Ural_A,0.028960219
TB-333-3902-19-138_S57,Ural,MDR,Ural_A,0.02896995
TB-111-8764-18_S68,Ural,Non-MDR,Ural_A,0.008965632
TB-111-8777-18_S79,Ural,Non-MDR,NA,0.004561278
TB-MoldovaSeq-DNA185-2529_S186,Ural,MDR,Ural_A,0.02852273
TB-222-2972-19_S195,Ural,MDR,Ural_A,0.027969606
TB-111-8922-18_S50,Ural,MDR,Ural_A,0.026935999
TB-222-2879-19_S188,Ural,MDR,Ural_A,0.0280324
TB-333-4040-19_S59,Ural,MDR,Ural_A,0.024651497
TB-333-4171-19-138_S51,Ural,MDR,Ural_A,0.028433626
TB-111-9037-18_S92,Ural,Non-MDR,Ural_B,0.012564263
TB-222-2929-19_S6,Ural,MDR,Ural_A,0.025522154
TB-333-4189-19_S165,Ural,MDR,Ural_A,0.023694581
TB-333-4193-19_S176,Ural,Non-MDR,Ural_C,0.008077507
TB-333-4111-19_S140,Ural,MDR,Ural_A,0.024933355
TB-111-9249-18_S181,Ural,MDR,Ural_A,0.028310598
TB-444-2752-18_S193,Ural,MDR,Ural_A,0.007213033
TB-MoldovaSeq-DNA182-2728_S183,Ural,MDR,Ural_A,0.027683832
TB-111-9490-18_S140,Ural,MDR,Ural_A,0.025428774
TB-111-9606-18_S168,Ural,MDR,Ural_A,0.022282113
TB-111-9676-18_S191,Ural,MDR,Ural_A,0.026934555
TB-MoldovaSeq-DNA184-2841_S185,Ural,MDR,Ural_A,0.028851798
TB-111-9585-18_S116,Ural,Non-MDR,Ural_B,0.011775638
TB-111-9797-18_S155,Ural,Non-MDR,Ural_B,0.01200953
TB-444-2848-18_S47,Ural,MDR,Ural_A,0.027755808
TB-444-2853-18_S192,Ural,MDR,Ural_A,0.026382835
TB-111-9817-18_S17,Ural,MDR,Ural_A,0.027909577
TB-222-3292-18_S63,Ural,MDR,Ural_A,0.027990387
TB-111-9488-19-138_S76,Ural,Non-MDR,NA,0.004631926
TB-111-9837-18_S136,Ural,MDR,Ural_A,0.027868381
TB-111-9838-18_S139,Ural,MDR,NA,0.007404292
TB-444-2918-18_S36,Ural,MDR,Ural_A,0.027917323
TB-111-9992-18_S143,Ural,Non-MDR,NA,0.005568732
TB-111-10034-18_S147,Ural,Non-MDR,NA,0.006721175
TB-111-9678-19_S62,Ural,Non-MDR,Ural_A,0.007437251
TB-444-2576-19_S5,Ural,MDR,Ural_A,0.02607957
TB-MoldovaSeq-DNA0288-5509_S291,Ural,MDR,Ural_A,0.024852391
TB-333-4940-19_S72,Ural,Non-MDR,NA,0.007080934
TB-111-10300-18_S97,Ural,Non-MDR,NA,0.003689016
TB-111-10418-18_S15,Ural,MDR,Ural_A,0.027285688
TB-333-4624-19_S157,Ural,MDR,Ural_A,0.027870171
TB-333-4712-19-138_S48,Ural,MDR,Ural_A,0.028402341
TB-111-10456-18_S8,Ural,MDR,Ural_A,0.024104041
TB-111-10582-18_S37,Ural,MDR,Ural_A,0.024947763
TB-444-3065-18_S85,Ural,MDR,Ural_A,0.027409758
TB-MoldovaSeq-DNA186-3071_S187,Ural,MDR,Ural_A,0.026665639
TB-222-3337-19_S206,Ural,MDR,Ural_A,0.026904567
TB-444-2635-19_S6,Ural,MDR,Ural_A,0.026791543
TB-444-2636-19_S29,Ural,MDR,Ural_A,0.025049774
TB-444-2637-19_S229,Ural,MDR,Ural_A,0.024584098
TB-444-2656-19_S9,Ural,MDR,Ural_A,0.030641623
TB-111-10558-18_S42,Ural,Non-MDR,Ural_B,0.011348891
TB-111-10713-18_S39,Ural,Non-MDR,Ural_B,0.012465574
TB-MoldovaSeq-DNA145-850_S146,Ural,MDR,Ural_A,0.027255834
TB-222-3451-19_S185,Ural,Non-MDR,Ural_C,0.007027921
TB-222-3678-18_S177,Ural,Non-MDR,Ural_B,0.011063158
TB-333-5021-19-138_S129,Ural,MDR,Ural_A,0.026308952
TB-444-2788-19_S26,Ural,MDR,Ural_A,0.026386433
TB-111-11287-18_S137,Ural,Non-MDR,Ural_C,0.007027921
TB-444-3322-18_S19,Ural,MDR,Ural_A,0.029788107
TB-222-4003-18_S71,Ural,Non-MDR,Ural_B,0.010720519
TB-222-3854-18_S61,Ural,MDR,NA,0.003923563
TB-444-3405-18_S206,Ural,MDR,Ural_A,0.028060949
TB-111-11645-18_S136,Ural,MDR,Ural_A,0.028520683
TB-222-3940-18_S179,Ural,Non-MDR,Ural_C,0.008562817
TB-111-11299-19_S242,Ural,Non-MDR,Ural_B,0.011063158
TB-111-11429-19_S253,Ural,MDR,Ural_A,0.028664299
TB-111-11857-18_S135,Ural,Non-MDR,Ural_B,0.011779671
TB-111-11919-18_S80,Ural,Non-MDR,Ural_B,0.012241141
TB-444-3544-18_S214,Ural,MDR,Ural_A,0.029214539
TB-333-5561-19_S173,Ural,Non-MDR,Ural_B,0.010305103
TB-444-3558-18_S132,Ural,MDR,Ural_A,0.029514268
TB-111-12146-18_S113,Ural,Non-MDR,Ural_C,0.008090746
TB-111-12700-18_S76,Ural,MDR,Ural_A,0.023594708
TB-222-4175-18_S168,Ural,MDR,Ural_A,0.027386445
TB-111-12364-18_S95,Ural,MDR,Ural_A,0.024577393
TB-444-3698-18_S161,Ural,MDR,Ural_A,0.024367422
TB-111-12407-18_S90,Ural,MDR,Ural_A,0.027921679
TB-111-12663-18_S74,Ural,MDR,Ural_A,0.019623563
TB-444-3776-18_S86,Ural,MDR,Ural_A,0.02836434
TB-111-12685-18_S79,Ural,MDR,Ural_A,0.028124018
TB-111-12496-19_S198,Ural,MDR,Ural_A,0.028655808
TB-111-12840-18_S139,Ural,Non-MDR,Ural_B,0.01217708
TB-222-4397-18_S69,Ural,Non-MDR,Ural_B,0.006712111
TB-111-13160-18_S73,Ural,MDR,Ural_A,0.025600678
TB-111-13161-18_S116,Ural,MDR,Ural_A,0.029076594
TB-111-13294-18_S171,Ural,MDR,Ural_A,0.027486977
TB-444-4048-18_S125,Ural,Non-MDR,Ural_B,0.012234194
TB-444-2394-18_S11,Ural,MDR,Ural_A,0.020384421
TB-111-13498-18_S94,Ural,MDR,Ural_A,0.0284557
TB-111-16552-18_S32,Ural,MDR,Ural_A,0.027382908
TB-111-13880-18_S84,Ural,MDR,Ural_A,0.028036634
TB-111-14100-18_S68,Ural,Non-MDR,NA,0.00658978
TB-222-4805-18_S74,Ural,Non-MDR,NA,0.005088125
TB-111-14450-18_S167,Ural,Non-MDR,Ural_A,0.026607614
TB-444-4422-18_S100,Ural,MDR,Ural_A,0.019947518
TB-111-14675-18_S164,Ural,Non-MDR,Ural_B,0.011946665
TB-222-4948-18_S73,Ural,MDR,Ural_A,0.02691794
TB-111-14524-19_S158,Ural,MDR,Ural_A,0.027605742
TB-111-14558-19_S78,Ural,Non-MDR,Ural_C,0.008597491
TB-111-14733-19_S155,Ural,MDR,Ural_A,0.027931902
TB-111-15171-18-138_S6,Ural,MDR,Ural_A,0.02837685
TB-111-15075-18_S144,Ural,Non-MDR,Ural_B,0.012446376
TB-111-15086-18_S161,Ural,MDR,Ural_A,0.027320255
TB-111-15148-18_S245,Ural,Non-MDR,Ural_B,0.0064201
TB-222-4848-19_S273,Ural,MDR,Ural_A,0.028602889
TB-111-15201-18_S165,Ural,Non-MDR,Ural_B,0.012241141
TB-444-4775-18_S28,Ural,MDR,Ural_A,0.019247596
TB-111-15297-18_S84,Ural,Non-MDR,NA,0.006854868
TB-222-4939-19_S215,Ural,MDR,Ural_A,0.030648606
TB-111-15339-19_S16,Ural,MDR,Ural_A,0.026857347
TB-111-15340-19_S116,Ural,MDR,Ural_A,0.0272752
TB-111-15341-19_S98,Ural,MDR,Ural_A,0.02736613
TB-111-15345-19_S9,Ural,MDR,Ural_A,0.026857353
TB-111-15382-19_S141,Ural,MDR,Ural_A,0.02797606
TB-222-4964-19_S216,Ural,MDR,Ural_A,0.029555719
TB-111-15794-18_S149,Ural,Non-MDR,Ural_B,0.012010442
TB-111-15751-18-138_S20,Ural,MDR,Ural_A,0.029063506
TB-111-15561-19_S127,Ural,MDR,Ural_A,0.027994959
TB-111-15657-19_S142,Ural,MDR,Ural_A,0.02610336
TB-111-15713-19_S73,Ural,MDR,Ural_A,0.029070902
TB-111-16133-18-138_S10,Ural,MDR,Ural_A,0.028454992
TB-111-15903-19_S5,Ural,Non-MDR,Ural_B,0.01133091
TB-111-15916-19_S161,Ural,MDR,Ural_A,0.028595351
TB-111-15895-18-138_S49,Ural,Non-MDR,Ural_B,0.010904982
TB-222-5151-19_S258,Ural,MDR,Ural_A,0.026521325
TB-111-16121-18-138_S29,Ural,Non-MDR,Ural_B,0.012178099
TB-222-5557-18_S61,Ural,MDR,Ural_A,0.027446175
TB-111-16379-18_S126,Ural,MDR,Ural_A,0.02555385
TB-111-16297-19_S60,Ural,MDR,Ural_A,0.028017679
TB-111-16436-19_S115,Ural,Non-MDR,Ural_B,0.007672313
TB-111-16485-19_S117,Ural,Non-MDR,Ural_B,0.011344228
TB-444-5286-18_S34,Ural,MDR,Ural_A,0.019593881
TB-111-16817-18_S138,Ural,Non-MDR,Ural_B,0.011125444
TB-111-16645-19_S110,Ural,Non-MDR,Ural_B,0.011608243
TB-111-16694-19_S61,Ural,MDR,Ural_A,0.025294711
TB-111-16777-18_S100,Ural,MDR,Ural_A,0.028567587
TB-111-16779-18_S99,Ural,Non-MDR,Ural_B,0.007688902
TB-111-16979-18_S43,Ural,Non-MDR,Ural_B,0.011788412
TB-444-5376-18_S110,Ural,Non-MDR,NA,0.002089808
TB-222-5766-18_S55,Ural,MDR,Ural_A,0.026864604
TB-111-16954-18_S30,Ural,MDR,Ural_A,0.024611998
TB-444-5442-18_S64,Ural,MDR,Ural_A,0.019593881
TB-111-17049-19_S2,Ural,MDR,Ural_A,0.017206281
TB-111-17019-18_S34,Ural,MDR,Ural_A,0.027057336
TB-111-17335-18-138_S16,Ural,MDR,Ural_A,0.026791543
TB-111-17340-18-138_S30,Ural,Non-MDR,Ural_B,0.007688347
TB-111-17429-18_S15,Ural,Non-MDR,Ural_C,0.008548024
TB-222-5642-19_S268,Ural,MDR,Ural_A,0.025790776
TB-111-17415-18-138_S53,Ural,MDR,Ural_A,0.027430888
TB-222-5961-18_S60,Ural,Non-MDR,NA,0.005707983
TB-444-5609-18_S182,Ural,MDR,Ural_A,0.026037853
TB-111-17649-19_S3,Ural,Non-MDR,NA,0.004869683
TB-111-17590-18_S33,Ural,MDR,Ural_A,0.030949367
TB-111-17827-18_S136,Ural,MDR,Ural_A,0.02901645
TB-111-17916-18_S120,Ural,MDR,Ural_A,0.027977612
TB-111-17797-18_S133,Ural,MDR,Ural_A,0.025357258
TB-444-5756-18_S179,Ural,MDR,Ural_A,0.029215127
TB-111-18004-18_S145,Ural,Non-MDR,Ural_C,0.008388294
TB-111-18075-18_S141,Ural,Non-MDR,Ural_B,0.011769454
TB-222-5877-19_S275,Ural,MDR,Ural_A,0.027315546
TB-111-18099-18_S101,Ural,Non-MDR,Ural_B,0.011295488
TB-111-18504-18-138_S23,Ural,MDR,Ural_A,0.021856768
TB-222-63111-8_S145,Ural,MDR,Ural_A,0.02922988
TB-111-18538-18-138_S51,Ural,MDR,Ural_A,0.026066866
TB-444-5993-18_S30,Ural,Non-MDR,Ural_B,0.010722876
TB-444-6003-18_S100,Ural,MDR,Ural_A,0.028429392
TB-111-18657-18-138_S24,Ural,MDR,Ural_A,0.026788763
TB-111-18751-18-138_S50,Ural,MDR,Ural_A,0.02644793
TB-444-6061-18_S104,Ural,Non-MDR,Ural_B,0.011550554
TB-222-6137-19_S254,Ural,MDR,Ural_A,0.027173309
TB-444-6093-18_S105,Ural,Non-MDR,Ural_B,0.010722876
TB-111-18854-18-138_S26,Ural,Non-MDR,Ural_B,0.012434801
TB-111-19016-18_S131,Ural,MDR,Ural_A,0.026830542
TB-111-19026-18-138_S21,Ural,MDR,Ural_A,0.029245677
TB-111-19340-19_S114,Ural,MDR,Ural_A,0.027188585
TB-111-19530-19_S147,Ural,Non-MDR,Ural_B,0.011570108
TB-111-19151-18-138_S23,Ural,MDR,Ural_A,0.027456813
TB-111-19199-18_S116,Ural,Non-MDR,Ural_B,0.012436587
TB-444-6286-18_S101,Ural,Non-MDR,Ural_B,0.011563646
TB-222-6399-19_S260,Ural,Non-MDR,Ural_B,0.011066688
TB-111-19315-18_S152,Ural,MDR,Ural_A,0.027952212
TB-111-19390-18_S119,Ural,MDR,Ural_A,0.027384415
TB-444-6323-18_S44,Ural,MDR,Ural_A,0.029002402
TB-111-19884-19_S90,Ural,MDR,Ural_A,0.028525844
TB-111-19925-19_S143,Ural,Non-MDR,Ural_C,0.008874204
TB-111-19597-18_S76,Ural,MDR,Ural_B,0.010566706
TB-111-19708-18_S166,Ural,MDR,Ural_A,0.029158879
TB-111-20102-19_S20,Ural,MDR,Ural_A,0.025034899
TB-111-19695-18_S173,Ural,Non-MDR,NA,0.005161741
TB-222-6794-18_S69,Ural,Non-MDR,Ural_C,0.007926973
TB-111-19861-18_S172,Ural,MDR,Ural_A,0.027851035
TB-444-5322-19_S59,Ural,MDR,Ural_A,0.024179222
TB-111-19937-18_S168,Ural,Non-MDR,Ural_B,0.011128196
TB-111-20041-18_S161,Ural,MDR,Ural_A,0.029495401
TB-111-20109-18_S2,Ural,Non-MDR,Ural_B,0.012233957
TB-111-20153-18_S165,Ural,MDR,Ural_A,0.028520683
TB-444-5397-18_S29,Ural,MDR,Ural_A,0.029125146
TB-111-20605-19_S166,Ural,MDR,Ural_A,0.025791831
TB-111-20546-19_S105,Ural,Non-MDR,Ural_B,0.011402596
TB-111-20301-18_S1,Ural,MDR,Ural_A,0.027872258
TB-111-20592-18_S45,Ural,MDR,Ural_A,0.027056488
TB-222-7265-18_S214,Ural,MDR,Ural_A,0.026409605
TB-111-21342-19_S88,Ural,MDR,Ural_A,0.026947396
TB-111-21496-19_S122,Ural,MDR,Ural_A,0.025029569
TB-222-6896-19_S269,Ural,MDR,Ural_A,0.030062068
TB-111-20799-18_S33,Ural,Non-MDR,Ural_B,0.012738523
TB-111-21354-19_S138,Ural,MDR,Ural_A,0.025992643
TB-222-6963-19_S213,Ural,Non-MDR,Ural_C,0.009041171
TB-111-20948-18_S39,Ural,Non-MDR,Ural_B,0.011823668
TB-222-7237-18_S66,Ural,Non-MDR,Ural_C,0.008396955
TB-111-21453-19_S133,Ural,Non-MDR,NA,0.006081132
TB-222-7040-19_S280,Ural,MDR,Ural_A,0.028539702
TB-111-21561-19_S150,Ural,Non-MDR,Ural_B,0.012225916
TB-111-21564-19_S97,Ural,MDR,Ural_A,0.027004659
TB-222-14-18_S137,Beijing,Non-MDR,Beijing_C,0.024225729
TB-111-4-19-138_S54,Beijing,Non-MDR,Beijing_E,0.027152504
TB-333-15-19_S92,Beijing,MDR,Beijing_D,0.022661578
TB-111-164-19_S126,Beijing,Non-MDR,Beijing_B,0.024075427
TB-111-32-19_S94,Beijing,Non-MDR,Beijing_C,0.018379086
TB-333-52-19_S188,Beijing,MDR,Beijing_C,0.028897372
TB-MoldovaSeq-DNA017-15_S17,Beijing,MDR,Beijing_C,0.027875733
TB-MoldovaSeq-DNA025-11_S25,Beijing,MDR,Beijing_A,0.022891514
TB-MoldovaSeq-DNA026-12_S26,Beijing,MDR,Beijing_A,0.020232914
TB-333-228-19_S276,Beijing,MDR,Beijing_C,0.02779932
TB-111-198-19_S71,Beijing,Non-MDR,Beijing_F,0.019272564
TB-111-23190-18F_S230,Beijing,Non-MDR,Beijing_E,0.026639936
TB-111-336-18-138_S149,Beijing,Non-MDR,Beijing_C,0.019452053
TB-MoldovaSeq-DNA027-35_S27,Beijing,MDR,Beijing_A,0.024030134
TB-MoldovaSeq-DNA029-42_S29,Beijing,MDR,Beijing_C,0.024504132
TB-111-616-18_S264,Beijing,Non-MDR,Beijing_E,0.035465317
TB-MoldovaSeq-DNA019-60_S19,Beijing,MDR,NA,0.013933768
TB-MoldovaSeq-DNA104-59_S105,Beijing,MDR,Beijing_A,0.021249559
TB-111-211-19_S122,Beijing,MDR,Beijing_A,0.023253114
TB-333-131-19_S121,Beijing,Non-MDR,Beijing_D,0.023919937
TB-111-548-18_S84,Beijing,MDR,Beijing_A,0.017714574
TB-111-612-18_S280,Beijing,Non-MDR,Beijing_F,0.017368397
TB-MoldovaSeq-DNA020-75_S20,Beijing,Non-MDR,Beijing_E,0.024259366
TB-MoldovaSeq-DNA031-74_S31,Beijing,MDR,Beijing_A,0.021524764
TB-111-254-19_S240,Beijing,Non-MDR,Beijing_E,0.034550997
TB-111-257-19_S211,Beijing,Non-MDR,Beijing_E,0.034134154
TB-111-352-19_S150,Beijing,MDR,Beijing_B,0.024071021
TB-333-339-19_S49,Beijing,Non-MDR,Beijing_C,0.019137693
TB-444-80-19_S256,Beijing,Non-MDR,Beijing_E,0.025622744
TB-222-147-18_S83,Beijing,MDR,Beijing_A,0.022442836
TB-MoldovaSeq-DNA011-125_S11,Beijing,MDR,Beijing_C,0.027421271
TB-MoldovaSeq-DNA021-106_S21,Beijing,Non-MDR,NA,0.006099939
TB-MoldovaSeq-DNA034-100_S34,Beijing,MDR,Beijing_A,0.023692692
TB-MoldovaSeq-DNA055-99_S55,Beijing,MDR,Beijing_A,0.021823258
TB-MoldovaSeq-DNA096-134_S97,Beijing,MDR,Beijing_A,0.024308443
TB-111-376-19_S243,Beijing,Non-MDR,Beijing_E,0.028775356
TB-111-387-19_S235,Beijing,MDR,Beijing_C,0.022235391
TB-222-287-19_S199,Beijing,Non-MDR,Beijing_C,0.019877939
TB-111-662-18-138_S154,Beijing,Non-MDR,Beijing_E,0.028752831
TB-MoldovaSeq-DNA022-181_S22,Beijing,Non-MDR,Beijing_E,0.033869477
TB-333-341-19_S282,Beijing,Non-MDR,Beijing_C,0.022248016
TB-111-816-18_S278,Beijing,Non-MDR,Beijing_C,0.025424692
TB-111-571-19_S162,Beijing,Non-MDR,Beijing_E,0.034548188
TB-222-236-18_S67,Beijing,Non-MDR,Beijing_F,0.01840188
TB-222-365-18_S83,Beijing,MDR,Beijing_C,0.027954968
TB-MoldovaSeq-DNA049-220_S49,Beijing,MDR,Beijing_A,0.021539882
TB-111-637-19_S221,Beijing,Non-MDR,Beijing_E,0.026177397
TB-111-641-19_S65,Beijing,Non-MDR,Beijing_F,0.016680465
TB-111-777-19_S262,Beijing,Non-MDR,Beijing_E,0.03006605
TB-111-838-19_S255,Beijing,Non-MDR,Beijing_E,0.025228291
TB-333-356-19_S177,Beijing,Non-MDR,NA,0.001691704
TB-111-1045-18_S249,Beijing,Non-MDR,Beijing_B,0.020402542
TB-111-1049-18-138_S153,Beijing,Non-MDR,Beijing_C,0.027042591
TB-MoldovaSeq-DNA0201-1202_S11,Beijing,Non-MDR,Beijing_C,0.020507176
TB-MoldovaSeq-DNA024-243_S24,Beijing,Non-MDR,Beijing_F,0.019094247
TB-111-720-19_S257,Beijing,Non-MDR,Beijing_A,0.020746611
TB-333-362-19_S186,Beijing,MDR,Beijing_B,0.021713275
TB-333-601-19_S127,Beijing,Non-MDR,Beijing_B,0.024979031
TB-MoldovaSeq-DNA036-246_S36,Beijing,MDR,Beijing_C,0.026871814
TB-MoldovaSeq-DNA085-249_S85,Beijing,MDR,Beijing_C,0.028674534
TB-333-643-19_S84,Beijing,Non-MDR,Beijing_E,0.025775008
TB-MoldovaSeq-DNA0193-2589_S3,Beijing,MDR,Beijing_C,0.024753773
TB-MoldovaSeq-DNA098-284_S99,Beijing,MDR,Beijing_E,0.022532136
TB-111-1285-19_S142,Beijing,MDR,Beijing_D,0.024410299
TB-111-876-19_S127,Beijing,MDR,Beijing_C,0.02587132
TB-222-438-19_S5,Beijing,Non-MDR,Beijing_F,0.017396113
TB-111-1279-18-138_S64,Beijing,Non-MDR,Beijing_B,0.024203055
TB-111-1083-19-138_S95,Beijing,Non-MDR,Beijing_B,0.0223897
TB-333-420-19_S43,Beijing,MDR,Beijing_C,0.027031294
TB-333-579-19_S180,Beijing,Non-MDR,Beijing_E,0.026631126
TB-111-1410-18-138_S155,Beijing,MDR,Beijing_C,0.030393185
TB-MoldovaSeq-DNA018-352_S18,Beijing,MDR,Beijing_A,0.02339672
TB-MoldovaSeq-DNA038-357_S38,Beijing,MDR,Beijing_C,0.024635605
TB-333-642-19_S76,Beijing,Non-MDR,Beijing_F,0.018420537
TB-333-662-19_S185,Beijing,MDR,Beijing_C,0.02834109
TB-333-667-19_S43,Beijing,Non-MDR,Beijing_E,0.030038178
TB-111-1481-18-138_S63,Beijing,Non-MDR,Beijing_E,0.034806557
TB-MoldovaSeq-DNA012-385_S12,Beijing,MDR,Beijing_C,0.025130071
TB-MoldovaSeq-DNA039-365_S39,Beijing,MDR,Beijing_C,0.026235325
TB-111-1091-19_S111,Beijing,Non-MDR,Beijing_C,0.019446761
TB-111-1245-19_S109,Beijing,Non-MDR,Beijing_C,0.019369063
TB-111-1292-19-138_S46,Beijing,Non-MDR,Beijing_C,0.019369063
TB-MoldovaSeq-DNA041-423_S41,Beijing,MDR,Beijing_B,0.022757635
TB-MoldovaSeq-DNA051-393_S51,Beijing,MDR,Beijing_C,0.029608345
TB-MoldovaSeq-DNA015-360_S15,Beijing,MDR,Beijing_A,0.02323332
TB-MoldovaSeq-DNA0196-1878_S6,Beijing,Non-MDR,Beijing_E,0.025149599
TB-MoldovaSeq-DNA058-486_S58,Beijing,MDR,Beijing_C,0.025863387
TB-111-24592-18F_S225,Beijing,Non-MDR,Beijing_E,0.029210557
TB-MoldovaSeq-DNA064-501_S64,Beijing,MDR,Beijing_D,0.024891874
TB-111-22620-18F_S223,Beijing,Non-MDR,Beijing_F,0.020630312
TB-111-1390-19-138_S81,Beijing,Non-MDR,Beijing_F,0.020412143
TB-222-517-19_S1,Beijing,Non-MDR,Beijing_E,0.025636747
TB-111-22750-18F_S233,Beijing,MDR,Beijing_A,0.020046245
TB-222-550-18_S19,Beijing,MDR,Beijing_E,0.019818376
TB-MoldovaSeq-DNA044-512_S44,Beijing,Non-MDR,Beijing_E,0.034148938
TB-MoldovaSeq-DNA059-526_S59,Beijing,MDR,Beijing_A,0.022357384
TB-111-1701-19_S144,Beijing,Non-MDR,NA,0.013012268
TB-333-909-19_S44,Beijing,Non-MDR,Beijing_E,0.031527536
TB-222-529-18_S140,Beijing,Non-MDR,Beijing_B,0.026029409
TB-MoldovaSeq-DNA003-543_S3,Beijing,Non-MDR,Beijing_F,0.018055523
TB-MoldovaSeq-DNA007-541_S7,Beijing,Non-MDR,Beijing_F,0.018054066
TB-MoldovaSeq-DNA071-544_S71,Beijing,MDR,Beijing_C,0.027571525
TB-333-808-19_S122,Beijing,Non-MDR,Beijing_C,0.019891438
TB-MoldovaSeq-DNA006-563_S6,Beijing,MDR,Beijing_D,0.025246581
TB-MoldovaSeq-DNA008-549_S8,Beijing,MDR,Beijing_D,0.025246581
TB-111-1791-19-138_S93,Beijing,MDR,Beijing_A,0.02021189
TB-MoldovaSeq-DNA0202-2452_S12,Beijing,Non-MDR,Beijing_B,0.021905755
TB-111-1972-19-138_S108,Beijing,Non-MDR,Beijing_B,0.026753439
TB-DNA0338_S195,Beijing,MDR,Beijing_C,0.03108996
TB-MoldovaSeq-DNA0200-2023_S10,Beijing,Non-MDR,Beijing_C,0.020985877
TB-MoldovaSeq-DNA0208-2207_S18,Beijing,Non-MDR,Beijing_C,0.020667352
TB-MoldovaSeq-DNA0224-2122_S34,Beijing,Non-MDR,Beijing_C,0.02028194
TB-MoldovaSeq-DNA0300-2084_S303,Beijing,Non-MDR,Beijing_F,0.018685952
TB-MoldovaSeq-DNA076-603_S76,Beijing,MDR,Beijing_A,0.024306478
TB-111-1875-19_S1,Beijing,MDR,Beijing_C,0.028827645
TB-MoldovaSeq-DNA0241-2352_S51,Beijing,MDR,Beijing_C,0.025530095
TB-MoldovaSeq-DNA046-622_S46,Beijing,MDR,Beijing_A,0.023505708
TB-111-2072-19_S266,Beijing,MDR,Beijing_A,0.023242841
TB-333-1097-19_S74,Beijing,Non-MDR,Beijing_F,0.018370494
TB-333-1104-19_S79,Beijing,Non-MDR,Beijing_F,0.018369
TB-MoldovaSeq-DNA0207-2369_S17,Beijing,MDR,Beijing_C,0.029347451
TB-MoldovaSeq-DNA001-647_S1,Beijing,MDR,Beijing_A,0.021832021
TB-DNA0348_S205,Beijing,Non-MDR,Beijing_D,0.021159992
TB-MoldovaSeq-DNA061-706_S61,Beijing,MDR,Beijing_A,0.023091789
TB-MoldovaSeq-DNA183-708_S184,Beijing,MDR,Beijing_A,0.024828956
TB-444-715-19-138_S17,Beijing,MDR,Beijing_A,0.023854634
TB-MoldovaSeq-DNA083-764_S83,Beijing,MDR,Beijing_C,0.025422855
TB-MoldovaSeq-DNA144-751_S145,Beijing,MDR,Beijing_A,0.014967316
TB-111-2571-19_S237,Beijing,Non-MDR,Beijing_E,0.034134883
TB-DNA0342_S199,Beijing,MDR,Beijing_C,0.027354923
TB-MoldovaSeq-DNA089-788_S89,Beijing,MDR,Beijing_C,0.024853505
TB-111-2691-19_S272,Beijing,MDR,Beijing_C,0.026297478
TB-111-2675-19_S46,Beijing,Non-MDR,Beijing_E,0.027633416
TB-333-1295-19-138_S59,Beijing,Non-MDR,Beijing_E,0.033468333
TB-333-1458-19_S129,Beijing,Non-MDR,Beijing_C,0.02433436
TB-111-3134-19-138_S38,Beijing,Non-MDR,Beijing_F,0.01834803
TB-111-2911-19_S122,Beijing,Non-MDR,Beijing_E,0.026798182
TB-111-3024-18_S98,Beijing,Non-MDR,Beijing_F,0.020426706
TB-MoldovaSeq-DNA0232-2994_S42,Beijing,Non-MDR,Beijing_E,0.03387222
TB-MoldovaSeq-DNA0255-3062_S65,Beijing,Non-MDR,Beijing_E,0.028231883
TB-111-2904-19_S227,Beijing,MDR,Beijing_C,0.029654036
TB-222-975-19-138_S3,Beijing,MDR,Beijing_C,0.025560514
TB-MoldovaSeq-DNA0272-3051_S82,Beijing,Non-MDR,Beijing_A,0.022815346
TB-111-2947-19-138_S53,Beijing,MDR,Beijing_C,0.027063907
TB-111-3149-19_S92,Beijing,Non-MDR,Beijing_F,0.018739626
TB-MoldovaSeq-DNA0229-3379_S39,Beijing,MDR,Beijing_A,0.020058728
TB-MoldovaSeq-DNA0265-3139_S75,Beijing,Non-MDR,Beijing_F,0.023398232
TB-MoldovaSeq-DNA153-1687_S154,Beijing,MDR,Beijing_A,0.020449023
TB-444-894-19-138_S16,Beijing,Non-MDR,Beijing_E,0.029847039
TB-MoldovaSeq-DNA0297-3404_S300,Beijing,MDR,Beijing_C,0.025027864
TB-MoldovaSeq-DNA131-986_S132,Beijing,MDR,Beijing_A,0.024402214
TB-111-3207-19_S75,Beijing,MDR,Beijing_A,0.025111519
TB-222-1257-18_S107,Beijing,MDR,Beijing_B,0.02307036
TB-MoldovaSeq-DNA0243-3742_S53,Beijing,Non-MDR,Beijing_E,0.029312898
TB-MoldovaSeq-DNA0264-3410_S74,Beijing,Non-MDR,Beijing_C,0.019087096
TB-MoldovaSeq-DNA0326-4164_S329,Beijing,Non-MDR,Beijing_B,0.024979031
TB-MoldovaSeq-DNA0249-3687_S59,Beijing,Non-MDR,Beijing_B,0.029330852
TB-111-3271-19-138_S98,Beijing,Non-MDR,Beijing_C,0.018031289
TB-111-3308-19_S120,Beijing,MDR,Beijing_C,0.024268343
TB-MoldovaSeq-DNA0245-3474_S55,Beijing,MDR,Beijing_C,0.027397884
TB-MoldovaSeq-DNA0250-3578_S60,Beijing,Non-MDR,Beijing_C,0.018769839
TB-MoldovaSeq-DNA0260-3533_S70,Beijing,Non-MDR,Beijing_F,0.019495257
TB-MoldovaSeq-DNA054-1019_S54,Beijing,MDR,NA,0.020588862
TB-111-3TB-333-19_S116,Beijing,Non-MDR,Beijing_E,0.031963658
TB-DNA0355_S212,Beijing,Non-MDR,Beijing_E,0.031609308
TB-MoldovaSeq-DNA0262-3519_S72,Beijing,Non-MDR,Beijing_F,0.018854974
TB-MoldovaSeq-DNA119-1027_S120,Beijing,MDR,NA,0.02020783
TB-111-3425-19_S90,Beijing,Non-MDR,Beijing_C,0.024976816
TB-111-3643-19_S118,Beijing,Non-MDR,Beijing_F,0.01671402
TB-222-1300-19_S93,Beijing,Non-MDR,Beijing_E,0.026516943
TB-MoldovaSeq-DNA108-255_S109,Beijing,MDR,Beijing_A,0.015766132
TB-MoldovaSeq-DNA141-1097_S142,Beijing,MDR,Beijing_B,0.029857392
TB-MoldovaSeq-DNA155-1090_S156,Beijing,MDR,Beijing_A,0.023856599
TB-111-3518-19_S117,Beijing,Non-MDR,Beijing_F,0.0187576
TB-111-3843-19_S269,Beijing,MDR,Beijing_B,0.026525046
TB-333-1625-19_S13,Beijing,MDR,Beijing_E,0.023119341
TB-444-990-19-138_S18,Beijing,MDR,Beijing_A,0.025024768
TB-MoldovaSeq-DNA0237-3588_S47,Beijing,Non-MDR,Beijing_B,0.026265398
TB-MoldovaSeq-DNA0274-3861_S98,Beijing,Non-MDR,Beijing_F,0.016476429
TB-333-1897-19_S21,Beijing,MDR,Beijing_B,0.024332302
TB-333-1925-19_S48,Beijing,Non-MDR,Beijing_C,0.021415571
TB-444-1010-19-138_S19,Beijing,Non-MDR,Beijing_F,0.01771155
TB-MoldovaSeq-DNA0227-4268_S37,Beijing,MDR,Beijing_F,0.015130284
TB-MoldovaSeq-DNA159-1163_S160,Beijing,MDR,Beijing_A,0.022827191
TB-MoldovaSeq-DNA163-1145_S164,Beijing,Non-MDR,Beijing_C,0.024661042
TB-DNA0340_S197,Beijing,Non-MDR,NA,0.001691704
TB-MoldovaSeq-DNA118-1170_S119,Beijing,MDR,Beijing_C,0.027408511
TB-444-2281-18_S14,Beijing,MDR,Beijing_C,0.026870125
TB-MoldovaSeq-DNA0284-4250_S94,Beijing,Non-MDR,Beijing_A,0.02233145
TB-111-3790-19_S246,Beijing,MDR,Beijing_C,0.02934509
TB-333-1821-19_S187,Beijing,MDR,Beijing_C,0.021551715
TB-DNA0358_S215,Beijing,Non-MDR,Beijing_E,0.025140454
TB-DNA0367_S224,Beijing,Non-MDR,Beijing_E,0.033475529
TB-MoldovaSeq-DNA0317-4201_S320,Beijing,Non-MDR,Beijing_C,0.026191901
TB-MoldovaSeq-DNA121-1200_S122,Beijing,MDR,Beijing_A,0.023050419
TB-111-3905-19_S247,Beijing,MDR,Beijing_B,0.024475874
TB-111-3906-19_S200,Beijing,MDR,Beijing_B,0.024475874
TB-111-3908-19_S201,Beijing,MDR,Beijing_B,0.024477864
TB-333-1815-19_S124,Beijing,MDR,Beijing_C,0.030624397
TB-111-3954-19_S21,Beijing,MDR,Beijing_B,0.025322989
TB-222-1360-19-138_S2,Beijing,Non-MDR,Beijing_C,0.019524835
TB-MoldovaSeq-DNA160-1247_S161,Beijing,MDR,Beijing_E,0.022976666
TB-111-4097-19_S182,Beijing,MDR,Beijing_C,0.025013229
TB-111-4156-19_S187,Beijing,MDR,Beijing_A,0.023271604
TB-333-2024-19_S2,Beijing,MDR,Beijing_A,0.021550623
TB-DNA0354_S211,Beijing,Non-MDR,Beijing_F,0.018690337
TB-MoldovaSeq-DNA0239-4349_S49,Beijing,MDR,Beijing_A,0.019774125
TB-MoldovaSeq-DNA032-76_S32,Beijing,MDR,Beijing_A,0.023588735
TB-333-2143-19_S91,Beijing,Non-MDR,Beijing_C,0.027855255
TB-MoldovaSeq-DNA0279-3622_S89,Beijing,Non-MDR,Beijing_F,0.024124215
TB-MoldovaSeq-DNA0292-4416_S295,Beijing,MDR,Beijing_B,0.022635655
TB-111-4272-19_S214,Beijing,Non-MDR,Beijing_C,0.02012928
TB-111-4383-19_S166,Beijing,Non-MDR,Beijing_E,0.034537523
TB-111-4396-19_S169,Beijing,Non-MDR,Beijing_E,0.033218863
TB-333-2175-19_S94,Beijing,MDR,Beijing_C,0.023750648
TB-333-2314-19_S80,Beijing,Non-MDR,Beijing_C,0.02269908
TB-333-2317-19_S24,Beijing,Non-MDR,Beijing_B,0.025971258
TB-MoldovaSeq-DNA0218-4275_S28,Beijing,Non-MDR,Beijing_E,0.034012602
TB-MoldovaSeq-DNA0235-4740_S45,Beijing,Non-MDR,Beijing_C,0.029761274
TB-MoldovaSeq-DNA0273-3926_S97,Beijing,Non-MDR,Beijing_C,0.027152249
TB-MoldovaSeq-DNA0331-5057_S334,Beijing,Non-MDR,Beijing_C,0.021565143
TB-MoldovaSeq-DNA070-1319_S70,Beijing,MDR,Beijing_A,0.023242514
TB-MoldovaSeq-DNA123-1318_S124,Beijing,MDR,Beijing_A,0.023242514
TB-111-4456-19_S224,Beijing,Non-MDR,Beijing_E,0.026777833
TB-111-4492-19_S271,Beijing,MDR,Beijing_C,0.02674247
TB-333-2089-19_S39,Beijing,MDR,Beijing_B,0.021365394
TB-333-2384-19_S26,Beijing,Non-MDR,Beijing_E,0.025810756
TB-111-4837-18_S135,Beijing,MDR,Beijing_D,0.019960517
TB-444-1359-18_S186,Beijing,MDR,Beijing_C,0.028124786
TB-MoldovaSeq-DNA0318-3760_S321,Beijing,MDR,Beijing_C,0.02418518
TB-111-4496-19_S199,Beijing,MDR,Beijing_B,0.023030832
TB-333-2146-19_S45,Beijing,MDR,Beijing_A,0.022588659
TB-MoldovaSeq-DNA0307-5315_S310,Beijing,Non-MDR,Beijing_E,0.036582294
TB-MoldovaSeq-DNA113-1435_S114,Beijing,Non-MDR,Beijing_C,0.029673888
TB-111-4661-19_S67,Beijing,MDR,Beijing_C,0.024375573
TB-333-2153-19_S131,Beijing,MDR,Beijing_C,0.026744277
TB-333-2223-19_S7,Beijing,Non-MDR,Beijing_F,0.018369
TB-111-4702-19_S5,Beijing,Non-MDR,Beijing_D,0.024166478
TB-111-5047-19_S52,Beijing,MDR,NA,0.009658209
TB-333-2519-19_S35,Beijing,Non-MDR,Beijing_E,0.027874374
TB-111-5263-18_S15,Beijing,MDR,Beijing_D,0.016178982
TB-111-5264-18_S2,Beijing,MDR,Beijing_C,0.025134157
TB-MoldovaSeq-DNA0332-5161_S335,Beijing,MDR,Beijing_C,0.025113756
TB-MoldovaSeq-DNA078-354_S78,Beijing,MDR,Beijing_A,0.022385545
TB-111-4790-19_S95,Beijing,Non-MDR,Beijing_F,0.020579502
TB-111-4797-19_S270,Beijing,Non-MDR,Beijing_C,0.013078316
TB-111-4798-19_S241,Beijing,MDR,Beijing_C,0.0238512
TB-222-1648-19_S16,Beijing,Non-MDR,Beijing_B,0.028650454
TB-MoldovaSeq-DNA0275-4965_S85,Beijing,Non-MDR,Beijing_E,0.027670324
TB-MoldovaSeq-DNA0321-5415_S324,Beijing,Non-MDR,Beijing_E,0.035878256
TB-111-4965-19_S245,Beijing,MDR,Beijing_C,0.029463928
TB-MoldovaSeq-DNA120-1556_S121,Beijing,Non-MDR,Beijing_E,0.034192542
TB-MoldovaSeq-DNA124-1548_S125,Beijing,MDR,Beijing_A,0.023853041
TB-MoldovaSeq-DNA132-1515_S133,Beijing,MDR,Beijing_C,0.027308292
TB-222-1682-19-138_S4,Beijing,MDR,Beijing_B,0.021744219
TB-333-2492-19_S81,Beijing,Non-MDR,Beijing_C,0.019881569
TB-444-1559-18_S29,Beijing,Non-MDR,Beijing_E,0.029360278
TB-MoldovaSeq-DNA0230-5545_S40,Beijing,MDR,Beijing_A,0.021884947
TB-MoldovaSeq-DNA0309-5304_S312,Beijing,Non-MDR,Beijing_E,0.027247059
TB-MoldovaSeq-DNA140-1558_S141,Beijing,MDR,Beijing_C,0.026893047
TB-MoldovaSeq-DNA158-1567_S159,Beijing,MDR,Beijing_B,0.026530354
TB-333-2444-19_S55,Beijing,MDR,Beijing_A,0.022311564
TB-DNA0366_S223,Beijing,MDR,Beijing_A,0.021522804
TB-MoldovaSeq-DNA0291-5375_S294,Beijing,MDR,Beijing_A,0.023399175
TB-MoldovaSeq-DNA0304-5778_S307,Beijing,Non-MDR,Beijing_C,0.031098191
TB-222-17431849-18_S179,Beijing,Non-MDR,Beijing_F,0.019884924
TB-MoldovaSeq-DNA0217-5425_S27,Beijing,MDR,Beijing_B,0.02307036
TB-MoldovaSeq-DNA0327-5703_S330,Beijing,Non-MDR,Beijing_E,0.03518807
TB-222-1767-19_S95,Beijing,Non-MDR,Beijing_E,0.026804583
TB-222-1706-18_S90,Beijing,Non-MDR,Beijing_C,0.028951019
TB-444-1650-18_S16,Beijing,MDR,Beijing_A,0.022679321
TB-MoldovaSeq-DNA165-1641_S166,Beijing,Non-MDR,Beijing_E,0.023328338
TB-111-5633-19_S78,Beijing,Non-MDR,Beijing_E,0.034163654
TB-111-5634-19_S134,Beijing,MDR,Beijing_A,0.021669403
TB-MoldovaSeq-DNA125-1433_S126,Beijing,Non-MDR,Beijing_E,0.0233515
TB-333-2795-19_S141,Beijing,Non-MDR,Beijing_E,0.02466823
TB-MoldovaSeq-DNA056-452_S56,Beijing,MDR,Beijing_A,0.023111493
TB-111-5620-19_S30,Beijing,Non-MDR,Beijing_E,0.027298717
TB-111-6043-18_S2,Beijing,MDR,Beijing_B,0.023778988
TB-111-6049-18_S10,Beijing,MDR,Beijing_C,0.029371408
TB-222-1888-19_S76,Beijing,Non-MDR,Beijing_E,0.028921252
TB-222-1806-18_S123,Beijing,Non-MDR,Beijing_E,0.022775887
TB-333-2939-19_S54,Beijing,Non-MDR,Beijing_F,0.01679998
TB-333-2968-19_S137,Beijing,Non-MDR,Beijing_E,0.025300514
TB-MoldovaSeq-DNA137-1826_S138,Beijing,MDR,Beijing_B,0.023728033
TB-MoldovaSeq-DNA148-1791_S149,Beijing,MDR,Beijing_A,0.024047581
TB-222-2010-19_S136,Beijing,Non-MDR,Beijing_F,0.02166909
TB-222-2112-19_S65,Beijing,MDR,Beijing_B,0.02454292
TB-444-3464-18_S20,Beijing,Non-MDR,Beijing_E,0.031031389
TB-222-1992-19_S64,Beijing,Non-MDR,Beijing_F,0.01985331
TB-222-2111-19_S92,Beijing,MDR,Beijing_C,0.025410858
TB-111-6372-19_S219,Beijing,Non-MDR,Beijing_F,0.019500059
TB-111-6435-18_S186,Beijing,Non-MDR,Beijing_B,0.026810556
TB-222-2036-18_S148,Beijing,MDR,Beijing_C,0.025560514
TB-MoldovaSeq-DNA0231-3743_S41,Beijing,Non-MDR,Beijing_E,0.029312898
TB-MoldovaSeq-DNA084-778_S84,Beijing,MDR,Beijing_C,0.020866939
TB-MoldovaSeq-DNA127-1914_S128,Beijing,Non-MDR,Beijing_C,0.019506746
TB-MoldovaSeq-DNA152-1941_S153,Beijing,MDR,Beijing_A,0.022681106
TB-111-6420-19_S223,Beijing,Non-MDR,Beijing_C,0.019110391
TB-111-6423-19_S203,Beijing,MDR,Beijing_C,0.026917666
TB-222-2259-19_S210,Beijing,MDR,Beijing_B,0.024053301
TB-333-3148-19_S78,Beijing,Non-MDR,Beijing_E,0.028948784
TB-333-3247-19_S66,Beijing,Non-MDR,Beijing_D,0.02765723
TB-111-6510-19_S48,Beijing,MDR,Beijing_B,0.023030832
TB-111-6600-19_S210,Beijing,MDR,Beijing_A,0.023602495
TB-222-2174-19_S78,Beijing,Non-MDR,Beijing_B,0.027047419
TB-333-3150-19_S156,Beijing,Non-MDR,Beijing_E,0.034548188
TB-333-3095-19-138_S55,Beijing,MDR,Beijing_C,0.026626898
TB-111-7045-18_S22,Beijing,MDR,Beijing_C,0.026353289
TB-222-2108-18_S149,Beijing,Non-MDR,Beijing_B,0.030382907
TB-MoldovaSeq-DNA139-1997_S140,Beijing,MDR,Beijing_A,0.026204014
TB-111-6770-19_S99,Beijing,MDR,Beijing_C,0.025358873
TB-111-6780-19_S146,Beijing,MDR,Beijing_A,0.021255333
TB-MoldovaSeq-DNA149-1039_S150,Beijing,MDR,Beijing_A,0.023650443
TB-MoldovaSeq-DNA175-2017_S176,Beijing,MDR,Beijing_C,0.024672375
TB-333-3243-19_S182,Beijing,MDR,Beijing_A,0.020267399
TB-111-7040-18_S24,Beijing,Non-MDR,Beijing_C,0.024216018
TB-111-7256-18_S183,Beijing,Non-MDR,Beijing_E,0.024511503
TB-222-2158-18_S59,Beijing,Non-MDR,Beijing_C,0.020015693
TB-444-2046-18_S28,Beijing,MDR,Beijing_D,0.023999189
TB-MoldovaSeq-DNA067-554_S67,Beijing,MDR,Beijing_D,0.025248633
TB-MoldovaSeq-DNA136-2044_S137,Beijing,MDR,Beijing_A,0.015584491
TB-MoldovaSeq-DNA146-2045_S147,Beijing,MDR,Beijing_D,0.024831329
TB-MoldovaSeq-DNA157-2066_S158,Beijing,MDR,Beijing_A,0.026207369
TB-111-6871-19_S106,Beijing,Non-MDR,Beijing_F,0.019913819
TB-111-7422-18_S8,Beijing,Non-MDR,Beijing_C,0.022769817
TB-111-7423-18_S7,Beijing,Non-MDR,Beijing_E,0.02577995
TB-MoldovaSeq-DNA166-2098_S167,Beijing,MDR,Beijing_A,0.02207353
TB-222-2445-19_S194,Beijing,MDR,Beijing_A,0.021520177
TB-222-2479-19_S54,Beijing,Non-MDR,Beijing_C,0.030198279
TB-333-3399-19_S68,Beijing,Non-MDR,Beijing_C,0.021477786
TB-111-7275-18_S169,Beijing,Non-MDR,Beijing_C,0.028117019
TB-111-7306-18_S179,Beijing,Non-MDR,Beijing_E,0.028234141
TB-111-7387-18_S188,Beijing,Non-MDR,Beijing_C,0.019525049
TB-111-7582-18_S8,Beijing,Non-MDR,Beijing_E,0.030769432
TB-111-7296-19_S106,Beijing,MDR,Beijing_C,0.027572131
TB-222-2441-19_S193,Beijing,MDR,Beijing_B,0.021796569
TB-111-7348-18_S178,Beijing,Non-MDR,Beijing_B,0.02480769
TB-111-7470-18_S14,Beijing,MDR,Beijing_D,0.024888273
TB-222-2423-18_S144,Beijing,Non-MDR,Beijing_B,0.021081796
TB-MoldovaSeq-DNA179-2174_S180,Beijing,MDR,Beijing_C,0.025279626
TB-111-7315-19_S99,Beijing,Non-MDR,Beijing_E,0.024704837
TB-333-3729-19F_S112,Beijing,Non-MDR,Beijing_B,0.021913852
TB-DNA0372_S229,Beijing,Non-MDR,Beijing_E,0.029907175
TB-MoldovaSeq-DNA099-171_S100,Beijing,MDR,Beijing_A,0.020897164
TB-444-2225-18_S25,Beijing,MDR,Beijing_A,0.014891933
TB-MoldovaSeq-DNA147-2239_S148,Beijing,Non-MDR,Beijing_E,0.025776903
TB-MoldovaSeq-DNA173-2332_S174,Beijing,MDR,Beijing_C,0.026816095
TB-444-2261-18_S13,Beijing,Non-MDR,Beijing_E,0.025774811
TB-444-2270-18_S198,Beijing,Non-MDR,Beijing_E,0.02529769
TB-111-7718-18_S189,Beijing,MDR,Beijing_C,0.027572131
TB-111-7856-18_S184,Beijing,Non-MDR,Beijing_F,0.020615582
TB-111-7857-18_S5,Beijing,Non-MDR,Beijing_F,0.019137824
TB-DNA0377_S234,Beijing,MDR,Beijing_A,0.017936028
TB-333-3591-19_S62,Beijing,MDR,Beijing_C,0.028309431
TB-MoldovaSeq-DNA169-2297_S170,Beijing,MDR,Beijing_C,0.025859809
TB-MoldovaSeq-DNA174-2305_S175,Beijing,MDR,Beijing_A,0.024728694
TB-MoldovaSeq-DNA180-2298_S181,Beijing,MDR,Beijing_A,0.024272925
TB-MoldovaSeq-DNA0195-2337_S5,Beijing,Non-MDR,Beijing_E,0.023919722
TB-MoldovaSeq-DNA176-2331_S177,Beijing,Non-MDR,Beijing_E,0.025542805
TB-111-8091-18_S59,Beijing,Non-MDR,Beijing_C,0.019946464
TB-222-2670-19_S87,Beijing,MDR,Beijing_A,0.019599549
TB-111-8103-18_S73,Beijing,MDR,Beijing_B,0.023534932
TB-111-8244-18_S61,Beijing,Non-MDR,Beijing_E,0.035664713
TB-444-2375-18_S10,Beijing,MDR,Beijing_A,0.0224772
TB-333-3946-19_S138,Beijing,Non-MDR,Beijing_E,0.029078303
TB-333-3982-19_S57,Beijing,Non-MDR,Beijing_F,0.01808085
TB-MoldovaSeq-DNA057-674_S57,Beijing,MDR,Beijing_A,0.023682068
TB-444-2479-18_S195,Beijing,MDR,Beijing_A,0.022895774
TB-111-8522-18_S71,Beijing,Non-MDR,Beijing_C,0.021995092
TB-222-2779-18_S91,Beijing,Non-MDR,Beijing_C,0.023982707
TB-444-2523-18_S196,Beijing,MDR,Beijing_A,0.023398758
TB-444-2543-18_S27,Beijing,MDR,Beijing_C,0.024923614
TB-MoldovaSeq-DNA080-523_S80,Beijing,MDR,Beijing_A,0.022762088
TB-444-2277-19_S230,Beijing,Non-MDR,Beijing_C,0.02284661
TB-111-9099-18_S13,Beijing,MDR,Beijing_B,0.027323985
TB-444-2588-18_S15,Beijing,MDR,Beijing_A,0.024815342
TB-444-2623-18_S14,Beijing,MDR,Beijing_A,0.022787331
TB-MoldovaSeq-DNA187-3011_S188,Beijing,MDR,Beijing_A,0.024874746
TB-111-8526-19-138_S89,Beijing,Non-MDR,Beijing_F,0.021427009
TB-111-8603-19_S107,Beijing,Non-MDR,Beijing_D,0.02073622
TB-444-2303-19_S28,Beijing,MDR,Beijing_A,0.019551398
TB-111-8958-18_S77,Beijing,Non-MDR,Beijing_E,0.032803119
TB-111-8988-18_S22,Beijing,MDR,Beijing_A,0.019796568
TB-111-8991-18_S48,Beijing,Non-MDR,Beijing_E,0.027318378
TB-111-8545-19-138_S85,Beijing,MDR,Beijing_C,0.028279736
TB-222-2915-19_S202,Beijing,Non-MDR,Beijing_F,0.020197186
TB-222-2944-19_S3,Beijing,Non-MDR,NA,0.00824087
TB-111-9083-18_S82,Beijing,MDR,Beijing_A,0.022164909
TB-444-2672-18_S124,Beijing,MDR,Beijing_C,0.026734648
TB-444-2673-18_S197,Beijing,MDR,Beijing_C,0.026363851
TB-444-2677-18_S26,Beijing,MDR,Beijing_A,0.017835604
TB-111-8671-19_S53,Beijing,MDR,Beijing_C,0.025025834
TB-111-8861-19_S138,Beijing,Non-MDR,Beijing_E,0.027302363
TB-444-2692-18_S194,Beijing,MDR,Beijing_C,0.02254716
TB-333-4387-19_S80,Beijing,Non-MDR,Beijing_F,0.017397743
TB-111-9401-18_S138,Beijing,Non-MDR,Beijing_C,0.020755553
TB-444-2768-18_S89,Beijing,MDR,Beijing_A,0.022823192
TB-111-9452-18_S144,Beijing,Non-MDR,Beijing_D,0.022899957
TB-333-4324-19_S181,Beijing,Non-MDR,Beijing_E,0.027865552
TB-111-9725-18_S81,Beijing,MDR,Beijing_B,0.019792834
TB-111-9803-18_S9,Beijing,MDR,Beijing_D,0.020382005
TB-MoldovaSeq-DNA106-324_S107,Beijing,MDR,Beijing_A,0.023486044
TB-111-9735-18_S118,Beijing,Non-MDR,Beijing_E,0.028205981
TB-MoldovaSeq-DNA167-2578_S168,Beijing,MDR,Beijing_C,0.025871354
TB-444-2485-19_S3,Beijing,Non-MDR,Beijing_C,0.019127087
TB-333-4571-19_S262,Beijing,Non-MDR,Beijing_F,0.020627035
TB-333-4657-19_S88,Beijing,Non-MDR,Beijing_C,0.020662318
TB-MoldovaSeq-DNA047-668_S47,Beijing,MDR,Beijing_A,0.021482367
TB-333-4522-19_S274,Beijing,Non-MDR,Beijing_F,0.018427492
TB-MoldovaSeq-DNA050-353_S50,Beijing,MDR,Beijing_A,0.02354219
TB-MoldovaSeq-DNA188-2947_S189,Beijing,MDR,Beijing_C,0.027321882
TB-111-9753-19_S206,Beijing,MDR,Beijing_B,0.025032259
TB-333-4787-19_S174,Beijing,Non-MDR,Beijing_C,0.029259979
TB-333-4790-19_S226,Beijing,Non-MDR,Beijing_F,0.020149551
TB-444-2978-18_S212,Beijing,Non-MDR,Beijing_E,0.026199035
TB-MoldovaSeq-DNA075-525_S75,Beijing,MDR,Beijing_C,0.027404718
TB-MoldovaSeq-DNA189-3008_S190,Beijing,MDR,Beijing_C,0.027143526
TB-MoldovaSeq-DNA191-2977_S1,Beijing,Non-MDR,Beijing_E,0.026199035
TB-444-4679-18_S32,Beijing,MDR,Beijing_A,0.022804078
TB-111-9806-19_S134,Beijing,Non-MDR,Beijing_E,0.027148637
TB-DNA0380_S237,Beijing,Non-MDR,Beijing_F,0.018619341
TB-111-10403-18_S21,Beijing,Non-MDR,Beijing_F,0.018786618
TB-111-10472-18_S159,Beijing,MDR,Beijing_A,0.022015175
TB-222-3461-18-138_S36,Beijing,Non-MDR,Beijing_E,0.028384598
TB-333-4869-19_S74,Beijing,Non-MDR,Beijing_E,0.036972152
TB-111-10460-18_S38,Beijing,Non-MDR,Beijing_F,0.019222173
TB-MoldovaSeq-DNA088-806_S88,Beijing,MDR,Beijing_A,0.021744831
TB-222-3339-19_S59,Beijing,Non-MDR,NA,0.006329944
TB-444-3082-18_S35,Beijing,MDR,Beijing_A,0.02156374
TB-444-3106-18_S205,Beijing,MDR,Beijing_A,0.021987332
TB-111-10693-18_S43,Beijing,MDR,Beijing_B,0.020425944
TB-444-3180-18_S208,Beijing,Non-MDR,Beijing_C,0.019475143
TB-111-10960-18_S7,Beijing,MDR,Beijing_D,0.019444567
TB-111-10812-18_S5,Beijing,Non-MDR,Beijing_B,0.029233743
TB-444-3199-18_S191,Beijing,Non-MDR,Beijing_C,0.016318808
TB-444-3209-18_S44,Beijing,MDR,Beijing_A,0.021620012
TB-444-2743-19_S228,Beijing,MDR,Beijing_A,0.023559139
TB-111-11057-18_S146,Beijing,MDR,Beijing_D,0.02625753
TB-222-3836-18_S178,Beijing,Non-MDR,Beijing_B,0.029212179
TB-444-3284-18_S90,Beijing,MDR,Beijing_D,0.024411284
TB-444-3335-18_S210,Beijing,Non-MDR,Beijing_E,0.025840789
TB-444-3342-18_S202,Beijing,MDR,Beijing_C,0.026894501
TB-222-3636-19_S114,Beijing,Non-MDR,Beijing_E,0.022896791
TB-444-2866-19_S6,Beijing,MDR,Beijing_C,0.025371419
TB-444-3398-18_S34,Beijing,MDR,Beijing_A,0.023532264
TB-444-3402-18_S204,Beijing,Non-MDR,Beijing_F,0.018423796
TB-222-3869-18_S209,Beijing,Non-MDR,Beijing_C,0.021992197
TB-444-3404-18_S31,Beijing,MDR,Beijing_A,0.02309482
TB-222-3882-18_S180,Beijing,Non-MDR,Beijing_F,0.01876292
TB-333-5403-19_S170,Beijing,Non-MDR,Beijing_E,0.02663123
TB-444-3447-18_S201,Beijing,Non-MDR,Beijing_E,0.031514226
TB-444-3449-18_S166,Beijing,MDR,Beijing_D,0.022661578
TB-333-5492-19_S82,Beijing,Non-MDR,Beijing_E,0.024196799
TB-MoldovaSeq-DNA171-2227_S172,Beijing,MDR,Beijing_A,0.021865405
TB-MoldovaSeq-DNA073-475_S73,Beijing,MDR,Beijing_A,0.01992954
TB-111-11485-19_S252,Beijing,Non-MDR,Beijing_C,0.020270292
TB-333-5529-19_S64,Beijing,Non-MDR,Beijing_E,0.02948206
TB-333-5531-19-138_S111,Beijing,Non-MDR,Beijing_E,0.034138939
TB-333-5552-19_S55,Beijing,Non-MDR,Beijing_C,0.01952663
TB-111-12057-18_S119,Beijing,Non-MDR,Beijing_E,0.026724397
TB-333-5441-19_S70,Beijing,MDR,Beijing_C,0.02638612
TB-333-5553-19_S160,Beijing,Non-MDR,Beijing_C,0.019896407
TB-111-12039-18_S255,Beijing,Non-MDR,Beijing_E,0.031400799
TB-444-3582-18_S46,Beijing,Non-MDR,Beijing_E,0.029290487
TB-222-4120-18_S210,Beijing,Non-MDR,Beijing_E,0.030984216
TB-333-5721-19_S167,Beijing,Non-MDR,Beijing_C,0.016318808
TB-111-12254-18_S120,Beijing,Non-MDR,Beijing_E,0.023032695
TB-444-3655-18_S128,Beijing,Non-MDR,Beijing_E,0.032891515
TB-444-3672-18_S164,Beijing,MDR,Beijing_C,0.026736821
TB-111-12357-18_S122,Beijing,Non-MDR,Beijing_E,0.030391567
TB-111-12061-19_S190,Beijing,Non-MDR,Beijing_F,0.019422576
TB-111-12152-19_S193,Beijing,Non-MDR,Beijing_E,0.030904519
TB-111-12608-18_S92,Beijing,MDR,Beijing_C,0.026706065
TB-222-4220-18_S212,Beijing,Non-MDR,Beijing_B,0.024783999
TB-444-3732-18_S203,Beijing,Non-MDR,Beijing_F,0.018330139
TB-111-12560-18_S81,Beijing,Non-MDR,Beijing_C,0.018741219
TB-111-12951-18_S183,Beijing,MDR,Beijing_E,0.023930699
TB-444-3788-18_S160,Beijing,MDR,Beijing_A,0.023557277
TB-111-12636-18_S91,Beijing,Non-MDR,Beijing_F,0.021106158
TB-444-3826-18_S120,Beijing,Non-MDR,Beijing_E,0.034192542
TB-444-3830-18_S130,Beijing,MDR,Beijing_C,0.025770984
TB-444-3831-18_S41,Beijing,MDR,Beijing_C,0.023739116
TB-444-3833-18_S163,Beijing,MDR,Beijing_A,0.022797299
TB-111-12453-19_S254,Beijing,Non-MDR,Beijing_E,0.028956265
TB-111-12779-18_S142,Beijing,Non-MDR,Beijing_C,0.020867104
TB-111-12836-18_S140,Beijing,Non-MDR,Beijing_E,0.025622528
TB-222-4327-18_S75,Beijing,Non-MDR,Beijing_C,0.0214147
TB-111-12506-19_S180,Beijing,MDR,Beijing_A,0.015164666
TB-111-12521-19_S197,Beijing,Non-MDR,Beijing_C,0.021487383
TB-333-5935-19-138_S47,Beijing,Non-MDR,Beijing_C,0.020283581
TB-444-3866-18_S88,Beijing,Non-MDR,Beijing_E,0.024263281
TB-444-3916-18_S167,Beijing,MDR,Beijing_A,0.023394954
TB-111-12708-19_S244,Beijing,Non-MDR,Beijing_C,0.027477127
TB-222-4414-18_S88,Beijing,MDR,Beijing_C,0.027463108
TB-444-3932-18_S105,Beijing,MDR,Beijing_C,0.029728647
TB-444-3933-18_S165,Beijing,MDR,Beijing_A,0.023243613
TB-444-3952-18_S162,Beijing,MDR,Beijing_A,0.023854681
TB-444-3963-18_S104,Beijing,MDR,Beijing_A,0.023676337
TB-111-13199-18_S117,Beijing,MDR,Beijing_B,0.022649327
TB-111-13214-18_S115,Beijing,MDR,Beijing_C,0.02602002
TB-111-13281-18_S123,Beijing,Non-MDR,Beijing_D,0.026109646
TB-444-4076-18_S98,Beijing,MDR,Beijing_A,0.022797299
TB-DNA0339_S196,Beijing,MDR,Beijing_C,0.027280576
TB-MoldovaSeq-DNA154-2130_S155,Beijing,MDR,Beijing_A,0.021288229
TB-222-4598-18_S73,Beijing,MDR,Beijing_D,0.0234753
TB-444-4175-18_S101,Beijing,MDR,Beijing_A,0.022074485
TB-444-4195-18_S31,Beijing,MDR,Beijing_A,0.02531518
TB-444-4213-18_S99,Beijing,MDR,Beijing_A,0.023440525
TB-MoldovaSeq-DNA151-1366_S152,Beijing,MDR,Beijing_C,0.02254716
TB-444-4234-18_S111,Beijing,MDR,Beijing_A,0.022251596
TB-222-4791-18_S271,Beijing,Non-MDR,NA,0.012134743
TB-111-14068-18_S152,Beijing,MDR,Beijing_C,0.029361838
TB-222-4723-18_S87,Beijing,Non-MDR,Beijing_C,0.021992197
TB-111-14162-18_S70,Beijing,Non-MDR,Beijing_F,0.020290986
TB-444-4300-18_S131,Beijing,Non-MDR,Beijing_F,0.018784542
TB-444-4310-18_S107,Beijing,MDR,Beijing_C,0.026068355
TB-444-4316-18_S127,Beijing,MDR,Beijing_A,0.021289956
TB-444-4320-18_S38,Beijing,MDR,Beijing_A,0.021286502
TB-444-4321-18_S39,Beijing,MDR,Beijing_A,0.021291683
TB-444-4372-18_S52,Beijing,MDR,Beijing_A,0.020892544
TB-444-4380-18_S106,Beijing,MDR,Beijing_C,0.025850995
TB-444-4396-18_S108,Beijing,MDR,Beijing_C,0.025764953
TB-444-4442-18_S123,Beijing,MDR,Beijing_A,0.023701406
TB-111-14697-18-138_S13,Beijing,Non-MDR,Beijing_E,0.03037739
TB-111-14707-18_S189,Beijing,Non-MDR,Beijing_F,0.020012026
TB-444-4535-18_S26,Beijing,MDR,Beijing_B,0.024482742
TB-444-4537-18_S26,Beijing,MDR,Beijing_B,0.024484718
TB-444-4548-18_S103,Beijing,MDR,Beijing_C,0.026734648
TB-444-4553-18_S24,Beijing,MDR,Beijing_B,0.022669578
TB-444-4571-18_S30,Beijing,MDR,Beijing_A,0.023346077
TB-MoldovaSeq-DNA133-1060_S134,Beijing,MDR,Beijing_C,0.028430941
TB-MoldovaSeq-DNA156-1096_S157,Beijing,MDR,Beijing_C,0.028502806
TB-MoldovaSeq-DNA190-2594_S191,Beijing,MDR,Beijing_A,0.021524764
TB-111-14522-19_S100,Beijing,Non-MDR,Beijing_F,0.020197621
TB-DNA0335_S192,Beijing,Non-MDR,Beijing_C,0.018989563
TB-111-14610-19_S156,Beijing,MDR,Beijing_A,0.021114537
TB-111-14742-18_S153,Beijing,Non-MDR,Beijing_C,0.027337423
TB-111-14829-18_S108,Beijing,MDR,Beijing_D,0.020382005
TB-111-14846-18_S188,Beijing,Non-MDR,Beijing_C,0.024806515
TB-222-5067-18_S71,Beijing,Non-MDR,Beijing_B,0.028650454
TB-111-14828-19_S124,Beijing,Non-MDR,Beijing_B,0.021405397
TB-111-14831-19_S109,Beijing,MDR,Beijing_B,0.024421113
TB-444-3959-19_S77,Beijing,MDR,Beijing_C,0.027782682
TB-111-15023-18_S107,Beijing,Non-MDR,Beijing_F,0.020218502
TB-111-15072-18-138_S69,Beijing,Non-MDR,Beijing_E,0.026842729
TB-111-14875-19_S107,Beijing,MDR,Beijing_A,0.021403568
TB-111-14915-19_S44,Beijing,Non-MDR,Beijing_E,0.034117962
TB-111-14933-19_S121,Beijing,Non-MDR,Beijing_B,0.02481846
TB-111-14937-19_S129,Beijing,Non-MDR,Beijing_F,0.024667754
TB-444-4731-18_S37,Beijing,MDR,Beijing_C,0.029279175
TB-444-4749-18_S27,Beijing,Non-MDR,Beijing_F,0.018333119
TB-111-15049-19_S62,Beijing,Non-MDR,Beijing_F,0.018761398
TB-111-15203-18_S16,Beijing,Non-MDR,NA,0.006823035
TB-111-15323-18_S157,Beijing,MDR,Beijing_C,0.021321278
TB-111-15348-18_S156,Beijing,MDR,Beijing_B,0.02129498
TB-111-15218-19_S154,Beijing,MDR,Beijing_B,0.024539682
TB-111-15256-19_S25,Beijing,Non-MDR,Beijing_E,0.025010623
TB-444-4060-19_S76,Beijing,MDR,Beijing_A,0.018069234
TB-444-4067-19_S12,Beijing,MDR,Beijing_C,0.02987888
TB-444-4848-18_S25,Beijing,MDR,Beijing_C,0.025871354
TB-444-4072-19_S2,Beijing,Non-MDR,Beijing_F,0.017045216
TB-111-15542-18-138_S34,Beijing,Non-MDR,Beijing_F,0.018192265
TB-111-15545-18-138_S25,Beijing,MDR,Beijing_C,0.02933075
TB-111-15693-19_S51,Beijing,MDR,Beijing_C,0.024542702
TB-222-5058-19_S277,Beijing,MDR,NA,0.001520241
TB-111-15526-18-138_S70,Beijing,MDR,NA,0.019829865
TB-111-15778-18_S29,Beijing,Non-MDR,Beijing_E,0.034808641
TB-111-15730-18_S129,Beijing,Non-MDR,Beijing_E,0.033870404
TB-111-15806-18-138_S13,Beijing,MDR,Beijing_A,0.019575226
TB-222-5351-18_S56,Beijing,Non-MDR,Beijing_C,0.018470177
TB-111-15583-19_S278,Beijing,MDR,Beijing_A,0.022164909
TB-111-15653-19_S42,Beijing,MDR,Beijing_C,0.025364854
TB-111-15711-18-138_S15,Beijing,Non-MDR,Beijing_B,0.024837407
TB-222-5074-19_S251,Beijing,Non-MDR,Beijing_C,0.023143186
TB-111-15845-18-138_S119,Beijing,MDR,Beijing_C,0.028484743
TB-444-4990-18_S103,Beijing,MDR,Beijing_C,0.027018106
TB-444-4991-18_S27,Beijing,MDR,Beijing_A,0.023268207
TB-111-15914-18_S72,Beijing,Non-MDR,Beijing_E,0.028393092
TB-222-5154-19_S264,Beijing,MDR,Beijing_C,0.029024051
TB-111-15952-18_S73,Beijing,MDR,Beijing_A,0.021138711
TB-111-16361-18_S10,Beijing,MDR,Beijing_F,0.014841694
TB-222-5441-18_S70,Beijing,MDR,Beijing_D,0.024438271
TB-444-4256-19_S3,Beijing,MDR,Beijing_A,0.024741686
TB-444-4275-19_S286,Beijing,Non-MDR,Beijing_B,0.02201689
TB-444-4276-19_S7,Beijing,Non-MDR,Beijing_E,0.02610239
TB-111-16154-18_S89,Beijing,Non-MDR,Beijing_E,0.026812655
TB-444-5101-18_S40,Beijing,MDR,Beijing_A,0.023530354
TB-444-5116-18_S36,Beijing,MDR,Beijing_C,0.025764953
TB-111-16108-19_S140,Beijing,Non-MDR,Beijing_C,0.019507537
TB-444-4325-19_S89,Beijing,MDR,Beijing_B,0.025280883
TB-111-16380-18_S12,Beijing,MDR,Beijing_C,0.026025002
TB-222-5528-18_S88,Beijing,Non-MDR,Beijing_C,0.02198657
TB-444-5139-18_S43,Beijing,MDR,Beijing_C,0.024171628
TB-111-16224-19_S68,Beijing,Non-MDR,Beijing_E,0.029828902
TB-111-16236-19_S28,Beijing,Non-MDR,Beijing_F,0.022716849
TB-222-5241-19_S252,Beijing,Non-MDR,Beijing_B,0.026780735
TB-222-5548-18_S142,Beijing,Non-MDR,Beijing_C,0.028691385
TB-111-16380-19_S75,Beijing,Non-MDR,Beijing_C,0.025308338
TB-111-16364-19_S4,Beijing,Non-MDR,Beijing_E,0.030492408
TB-111-16366-19_S111,Beijing,Non-MDR,Beijing_E,0.025767294
TB-111-16408-19_S26,Beijing,Non-MDR,Beijing_E,0.030971722
TB-111-16502-19_S130,Beijing,Non-MDR,Beijing_F,0.019143527
TB-111-16668-18-138_S124,Beijing,Non-MDR,Beijing_B,0.021618401
TB-222-5371-19_S262,Beijing,MDR,Beijing_B,0.027056795
TB-111-16594-18_S127,Beijing,Non-MDR,Beijing_F,0.019527467
TB-111-16595-18-138_S100,Beijing,Non-MDR,Beijing_E,0.022991885
TB-111-16652-18_S134,Beijing,MDR,Beijing_C,0.022842541
TB-111-16810-18_S139,Beijing,MDR,Beijing_A,0.020924762
TB-111-16572-19_S15,Beijing,MDR,Beijing_F,0.016045188
TB-444-4429-19_S30,Beijing,MDR,Beijing_A,0.022387319
TB-222-5681-18_S112,Beijing,Non-MDR,Beijing_C,0.018411728
TB-444-5310-18_S97,Beijing,MDR,Beijing_C,0.027980225
TB-111-16773-18_S137,Beijing,Non-MDR,Beijing_C,0.029063409
TB-444-5345-18_S23,Beijing,MDR,Beijing_C,0.025013064
TB-444-5363-18_S57,Beijing,MDR,Beijing_B,0.0226791
TB-MoldovaSeq-DNA079-542_S79,Beijing,MDR,Beijing_A,0.024008641
TB-111-16720-19_S134,Beijing,MDR,Beijing_C,0.023903405
TB-111-16816-19_S103,Beijing,Non-MDR,Beijing_F,0.018422979
TB-222-5486-19_S225,Beijing,Non-MDR,Beijing_B,0.027149103
TB-444-4476-19_S11,Beijing,Non-MDR,Beijing_E,0.030989324
TB-111-16871-18_S144,Beijing,Non-MDR,Beijing_B,0.027318305
TB-111-16888-18_S66,Beijing,Non-MDR,Beijing_E,0.025272969
TB-444-5382-18_S181,Beijing,MDR,Beijing_A,0.022251554
TB-111-16955-18_S91,Beijing,Non-MDR,Beijing_E,0.029013663
TB-111-16964-18_S4,Beijing,Non-MDR,Beijing_F,0.019805262
TB-444-5426-18_S29,Beijing,Non-MDR,Beijing_E,0.034119844
TB-111-17253-18-138_S24,Beijing,MDR,Beijing_C,0.02490176
TB-111-17023-19_S10,Beijing,Non-MDR,Beijing_B,0.025762315
TB-111-17085-19_S54,Beijing,Non-MDR,Beijing_E,0.031371863
TB-222-5503-19_S282,Beijing,MDR,Beijing_D,0.026861016
TB-222-5589-19_S15,Beijing,MDR,Beijing_E,0.023042891
TB-111-17337-19_S132,Beijing,MDR,Beijing_D,0.024382577
TB-444-4579-19_S20,Beijing,MDR,Beijing_A,0.024125765
TB-444-4580-19_S21,Beijing,Non-MDR,Beijing_A,0.02426826
TB-222-5569-19_S214,Beijing,MDR,Beijing_B,0.025494804
TB-444-4606-19_S79,Beijing,MDR,Beijing_A,0.024270956
TB-111-17371-18_S101,Beijing,Non-MDR,Beijing_E,0.01976004
TB-111-17364-19_S79,Beijing,MDR,Beijing_D,0.019631391
TB-111-17376-19_S131,Beijing,MDR,Beijing_D,0.019402443
TB-111-17557-19_S13,Beijing,MDR,Beijing_B,0.023115221
TB-111-17329-18-138_S9,Beijing,MDR,Beijing_B,0.024071021
TB-444-5610-18_S50,Beijing,MDR,Beijing_A,0.023680158
TB-444-5612-18_S51,Beijing,MDR,Beijing_A,0.023678248
TB-111-17495-19_S80,Beijing,MDR,Beijing_B,0.025494804
TB-111-17545-19_S119,Beijing,MDR,Beijing_C,0.027354923
TB-111-17584-19_S14,Beijing,Non-MDR,Beijing_E,0.02934439
TB-444-5626-18_S58,Beijing,MDR,Beijing_A,0.021923123
TB-444-5657-18_S60,Beijing,MDR,Beijing_C,0.027396711
TB-111-17590-19_S284,Beijing,Non-MDR,Beijing_C,0.026292439
TB-444-4689-19_S82,Beijing,Non-MDR,Beijing_E,0.025619198
TB-555-5967-19_S248,Beijing,Non-MDR,NA,0.027520168
TB-111-17854-18_S98,Beijing,Non-MDR,NA,0.007139374
TB-MoldovaSeq-DNA161-1157_S162,Beijing,MDR,Beijing_A,0.02219672
TB-444-4717-19_S27,Beijing,Non-MDR,Beijing_F,0.016650929
TB-111-17750-19_S63,Beijing,Non-MDR,Beijing_C,0.021295572
TB-111-17754-19_S287,Beijing,Non-MDR,Beijing_C,0.018771643
TB-111-17656-18_S146,Beijing,Non-MDR,Beijing_C,0.020270003
TB-111-17702-18_S82,Beijing,Non-MDR,Beijing_C,0.026025194
TB-222-5786-19_S231,Beijing,Non-MDR,Beijing_C,0.018005133
TB-444-4756-19_S85,Beijing,MDR,Beijing_C,0.025669476
TB-111-17835-18_S147,Beijing,MDR,Beijing_A,0.020707014
TB-111-17888-18_S150,Beijing,Non-MDR,Beijing_E,0.025629793
TB-222-5798-19_S249,Beijing,Non-MDR,NA,0.02649003
TB-111-17913-18_S124,Beijing,Non-MDR,Beijing_F,0.019648539
TB-111-17901-18_S118,Beijing,Non-MDR,NA,0.007139374
TB-111-17963-18-138_S99,Beijing,MDR,Beijing_A,0.020000076
TB-444-5769-18_S62,Beijing,MDR,Beijing_C,0.027981042
TB-111-17994-18_S117,Beijing,Non-MDR,Beijing_F,0.018461844
TB-444-5796-18_S63,Beijing,Non-MDR,Beijing_C,0.01768204
TB-111-18146-19_S64,Beijing,Non-MDR,Beijing_E,0.02876151
TB-111-18148-19_S120,Beijing,Non-MDR,Beijing_E,0.028209814
TB-111-18191-19_S153,Beijing,Non-MDR,Beijing_E,0.030332349
TB-222-5856-19_S217,Beijing,MDR,Beijing_D,0.023495962
TB-111-18400-19_S53,Beijing,Non-MDR,Beijing_C,0.019525049
TB-111-18405-19_S30,Beijing,MDR,Beijing_C,0.025364854
TB-222-5873-19_S247,Beijing,MDR,Beijing_B,0.024363923
TB-222-5917-19_S281,Beijing,Non-MDR,Beijing_F,0.018790828
TB-444-4827-19_S49,Beijing,MDR,Beijing_C,0.025276247
TB-111-18094-18_S125,Beijing,MDR,Beijing_C,0.024649748
TB-111-18178-18_S102,Beijing,Non-MDR,Beijing_C,0.03265692
TB-111-18194-18_S121,Beijing,MDR,Beijing_C,0.024542702
TB-111-18296-18_S50,Beijing,MDR,Beijing_E,0.024672086
TB-111-18326-18_S156,Beijing,Non-MDR,Beijing_C,0.021139357
TB-111-18302-18_S155,Beijing,Non-MDR,Beijing_C,0.026032434
TB-111-18377-18_S123,Beijing,Non-MDR,Beijing_C,0.023622214
TB-444-4875-19_S32,Beijing,Non-MDR,Beijing_E,0.023476688
TB-222-6312-18_S113,Beijing,MDR,Beijing_B,0.021384379
TB-444-5924-18_S109,Beijing,MDR,Beijing_E,0.02613423
TB-111-18519-19_S66,Beijing,MDR,Beijing_B,0.017598212
TB-111-18597-19_S55,Beijing,Non-MDR,Beijing_E,0.025182133
TB-111-18605-19_S71,Beijing,MDR,Beijing_B,0.020597439
TB-444-4887-19_S53,Beijing,MDR,Beijing_C,0.027419121
TB-222-6436-18_S141,Beijing,Non-MDR,Beijing_E,0.02420448
TB-444-5959-18_S49,Beijing,MDR,Beijing_A,0.021587551
TB-444-4911-19_S47,Beijing,MDR,Beijing_C,0.025359854
TB-111-18503-18-138_S52,Beijing,MDR,Beijing_C,0.025046143
TB-111-18713-19_S37,Beijing,Non-MDR,Beijing_E,0.025010623
TB-111-18825-19_S38,Beijing,Non-MDR,Beijing_E,0.030971722
TB-222-6046-19_S237,Beijing,Non-MDR,Beijing_C,0.026290295
TB-444-6008-18_S46,Beijing,MDR,Beijing_A,0.020752861
TB-111-18890-19_S65,Beijing,Non-MDR,Beijing_C,0.02466065
TB-444-4934-19_S86,Beijing,MDR,Beijing_A,0.022036701
TB-111-18763-18-138_S32,Beijing,Non-MDR,Beijing_D,0.023719157
TB-444-6068-18_S49,Beijing,MDR,Beijing_A,0.024741686
TB-444-6103-18_S47,Beijing,MDR,Beijing_A,0.019551398
TB-111-19049-19_S67,Beijing,MDR,Beijing_C,0.027419282
TB-111-18879-18-138_S27,Beijing,Non-MDR,Beijing_E,0.034051694
TB-111-19345-19_S56,Beijing,MDR,Beijing_C,0.02418518
TB-444-6152-18_S102,Beijing,MDR,Beijing_A,0.024033931
TB-111-19142-19_S123,Beijing,Non-MDR,Beijing_C,0.023081586
TB-111-18937-18_S80,Beijing,Non-MDR,Beijing_B,0.025757688
TB-444-6160-18_S125,Beijing,MDR,Beijing_C,0.026374497
TB-111-19235-19_S40,Beijing,Non-MDR,Beijing_F,0.022716849
TB-444-6199-18_S51,Beijing,MDR,Beijing_C,0.027579872
TB-444-6200-18_S180,Beijing,Non-MDR,Beijing_D,0.0241788
TB-444-5103-19_S15,Beijing,Non-MDR,Beijing_F,0.016713042
TB-444-6232-18_S59,Beijing,MDR,Beijing_A,0.025121805
TB-444-5132-19_S57,Beijing,Non-MDR,Beijing_F,0.01773475
TB-111-19181-18-138_S55,Beijing,Non-MDR,Beijing_E,0.025677959
TB-111-19280-18_S132,Beijing,MDR,Beijing_C,0.027170274
TB-111-19502-18_S100,Beijing,Non-MDR,Beijing_E,0.036113624
TB-111-19444-19_S87,Beijing,Non-MDR,Beijing_B,0.021926578
TB-111-19502-19_S136,Beijing,MDR,Beijing_C,0.027962763
TB-222-6357-19_S283,Beijing,MDR,Beijing_C,0.025050163
TB-111-19200-18_S143,Beijing,MDR,Beijing_C,0.022654701
TB-111-19201-18_S56,Beijing,Non-MDR,Beijing_C,0.017697647
TB-444-6285-18_S99,Beijing,MDR,Beijing_A,0.022607176
TB-111-19582-19_S146,Beijing,Non-MDR,Beijing_F,0.018904671
TB-444-6299-18_S42,Beijing,Non-MDR,Beijing_E,0.022464627
TB-111-19737-19_S32,Beijing,Non-MDR,Beijing_E,0.034117962
TB-222-6448-19_S230,Beijing,Non-MDR,Beijing_E,0.0257747
TB-111-19471-18_S130,Beijing,Non-MDR,Beijing_F,0.017695124
TB-111-22820-18F_S27,Beijing,Non-MDR,Beijing_F,0.019037213
TB-222-6602-19_S276,Beijing,MDR,Beijing_D,0.022223131
TB-444-6340-18_S96,Beijing,Non-MDR,Beijing_E,0.034119844
TB-111-19883-19_S86,Beijing,MDR,Beijing_C,0.022564128
TB-222-6492-19_S267,Beijing,Non-MDR,Beijing_E,0.025793935
TB-222-6743-19_S139,Beijing,Non-MDR,Beijing_A,0.021865205
TB-111-19687-18_S122,Beijing,MDR,Beijing_C,0.028666456
TB-111-19967-18_S7,Beijing,Non-MDR,Beijing_E,0.032639813
TB-222-6759-18_S215,Beijing,Non-MDR,Beijing_A,0.021735024
TB-111-19840-18_S164,Beijing,MDR,Beijing_A,0.021920674
TB-111-19854-18_S163,Beijing,Non-MDR,Beijing_E,0.030665109
TB-444-6404-18_S178,Beijing,MDR,Beijing_C,0.025733608
TB-MoldovaSeq-DNA030-61_S30,Beijing,MDR,NA,0.012419187
TB-111-20151-19_S135,Beijing,MDR,Beijing_A,0.018930026
TB-111-20401-19_S164,Beijing,MDR,Beijing_D,0.021352913
TB-222-6616-19_S278,Beijing,Non-MDR,Beijing_F,0.02031611
TB-444-5337-19_S254,Beijing,MDR,Beijing_A,0.023289903
TB-111-19945-18_S91,Beijing,MDR,Beijing_A,0.023310003
TB-111-20011-18_S32,Beijing,MDR,Beijing_C,0.020035568
TB-111-20245-19_S160,Beijing,Non-MDR,Beijing_B,0.026090469
TB-111-20345-19_S159,Beijing,Non-MDR,Beijing_C,0.027604986
TB-111-20107-18_S31,Beijing,MDR,Beijing_C,0.025416932
TB-111-20322-19_S85,Beijing,MDR,Beijing_B,0.025442647
TB-222-6788-19_S224,Beijing,MDR,Beijing_B,0.024782683
TB-111-20082-18_S5,Beijing,Non-MDR,Beijing_C,0.019507537
TB-111-20598-19_S34,Beijing,Non-MDR,Beijing_F,0.017660136
TB-111-20347-18_S24,Beijing,Non-MDR,Beijing_B,0.028939701
TB-111-23559-18F_S30,Beijing,Non-MDR,Beijing_C,0.022836107
TB-444-6524-18_S134,Beijing,MDR,Beijing_A,0.02139232
TB-111-20536-19_S46,Beijing,Non-MDR,Beijing_F,0.017660136
TB-222-6865-19_S255,Beijing,Non-MDR,Beijing_B,0.027286785
TB-444-5430-19_S74,Beijing,Non-MDR,Beijing_E,0.024196075
TB-111-20644-19_S22,Beijing,Non-MDR,Beijing_C,0.020270954
TB-222-6789-19_S261,Beijing,MDR,Beijing_B,0.024782683
TB-444-5477-19_S54,Beijing,MDR,Beijing_C,0.025752957
TB-111-20450-18_S44,Beijing,MDR,Beijing_C,0.025350246
TB-444-6581-18_S33,Beijing,MDR,Beijing_C,0.026892022
TB-444-6584-18_S50,Beijing,MDR,Beijing_A,0.024518176
TB-444-6669-18_S126,Beijing,MDR,Beijing_C,0.023989072
TB-111-20505-18_S19,Beijing,Non-MDR,Beijing_E,0.024832551
TB-111-20522-18_S46,Beijing,Non-MDR,Beijing_F,0.019274034
TB-444-6556-18_S132,Beijing,Non-MDR,Beijing_C,0.024661042
TB-444-6671-18_S130,Beijing,MDR,Beijing_C,0.027782682
TB-111-20774-19_S163,Beijing,Non-MDR,Beijing_F,0.017461604
TB-111-20820-19_S72,Beijing,Non-MDR,Beijing_E,0.035467066
TB-111-20964-19_S21,Beijing,Non-MDR,Beijing_E,0.02673039
TB-111-20738-18_S41,Beijing,MDR,Beijing_C,0.025843025
TB-111-20815-18_S40,Beijing,Non-MDR,Beijing_E,0.026123276
TB-111-24231-18F_S20,Beijing,MDR,Beijing_A,0.019324113
TB-111-20704-18_S36,Beijing,MDR,Beijing_D,0.021963766
TB-444-6730-18_S177,Beijing,MDR,Beijing_E,0.022532136
TB-444-6731-18_S131,Beijing,MDR,Beijing_A,0.025454124
TB-111-24254-18F_S32,Beijing,Non-MDR,Beijing_B,0.026782895
TB-111-21120-19_S167,Beijing,Non-MDR,Beijing_F,0.019505388
TB-222-6935-19_S242,Beijing,Non-MDR,Beijing_E,0.028888122
TB-444-6799-18_S53,Beijing,MDR,Beijing_A,0.024355998
TB-444-6811-18_S54,Beijing,Non-MDR,Beijing_C,0.027884381
TB-111-21295-19_S149,Beijing,Non-MDR,Beijing_E,0.028094393
TB-444-6812-18_S127,Beijing,Non-MDR,Beijing_C,0.027059061
TB-222-7022-19_S270,Beijing,Non-MDR,Beijing_F,0.018414228
TB-444-6829-18_S133,Beijing,Non-MDR,Beijing_C,0.027884381
TB-444-6831-18_S128,Beijing,Non-MDR,Beijing_C,0.027884387
TB-444-6836-18_S52,Beijing,Non-MDR,Beijing_C,0.027888909
TB-111-21011-18-138_S132,Beijing,MDR,Beijing_A,0.020436945
TB-111-21013-18_S28,Beijing,Non-MDR,Beijing_F,0.017731793
TB-444-6869-18_S124,Beijing,Non-MDR,Beijing_C,0.02699768
TB-111-21436-19_S113,Beijing,Non-MDR,Beijing_C,0.027681924
TB-111-21513-19_S91,Beijing,MDR,Beijing_C,0.02555407
TB-111-21515-19_S82,Beijing,Non-MDR,Beijing_E,0.032215153
TB-111-4-19F_S94,Beijing,Non-MDR,Beijing_E,0.026217037